2025-07-19T03:59:29.722Z,1,13.78,34.19,37.6,948.7,8

2025-07-19T03:59:32.578Z,2,13.32,37.58,35,942.9,10

2025-07-19T03:59:35.588Z,3,13.14,35.06,38.9,904.6,12

2025-07-19T03:59:38.589Z,4,13.65,31.69,47.4,861.8,17

2025-07-19T03:59:41.608Z,5,11.76,28.77,45.8,809.7,20

2025-07-19T03:59:44.593Z,6,12.18,27.83,34.8,785,23

2025-07-19T03:59:47.656Z,7,13.1,30.42,46.8,793.9,25

2025-07-19T03:59:50.640Z,8,13.28,28.99,37,750.3,30

2025-07-19T03:59:53.639Z,9,12.22,25.84,46.3,678.3,32

2025-07-19T03:59:56.691Z,10,12.83,23.85,39.1,681.8,37

2025-07-19T03:59:59.605Z,11,12.03,25.07,30.2,597.5,40

2025-07-19T04:00:02.615Z,12,13.01,20.09,39.6,593.9,45

2025-07-19T04:00:05.613Z,13,12.86,17.76,30.3,504.9,50

2025-07-19T04:00:08.634Z,14,12.7,17.29,36.5,471.2,57

2025-07-19T04:00:11.654Z,15,11.93,16.21,42.4,423.5,60

2025-07-19T04:00:16.312Z,16,12.06,13.41,40.1,349.5,67

2025-07-19T04:00:17.660Z,17,11.86,12.13,33.7,333.5,69

2025-07-19T04:00:20.663Z,18,11.2,11.66,35.8,301.3,72

2025-07-19T04:00:23.652Z,19,11.42,7.46,44.4,226.7,79

2025-07-19T04:00:26.652Z,20,11.35,5.88,49,177.6,84

2025-07-19T04:00:29.684Z,21,11.27,5.17,37.2,136.8,87

2025-07-19T04:00:32.661Z,22,10.96,3.57,31.1,110.4,90

2025-07-19T04:00:35.665Z,23,10.08,1.8,40.9,51.9,95

2025-07-19T04:00:38.688Z,24,9.99,2.07,42.7,55.9,95

2025-07-19T04:00:41.703Z,25,10.1,1.86,47.6,51.9,95

2025-07-19T04:00:44.684Z,26,9.62,2.1,30.9,56.1,95

2025-07-19T04:00:47.693Z,27,9.68,2.03,41.1,52,95

2025-07-19T04:00:50.700Z,28,9.1,1.75,44.9,52.8,95

2025-07-19T04:00:53.707Z,29,9.73,1.84,32.3,56.4,95

2025-07-20T03:59:02.043Z,1,13.73,38.06,38,937.3,4

2025-07-20T03:59:04.932Z,2,13.54,34.86,41.5,926.5,9

2025-07-20T03:59:07.922Z,3,11.96,36.1,49,931.2,11

2025-07-20T03:59:10.893Z,4,13.38,35.5,44.4,832.7,14

2025-07-20T03:59:13.922Z,5,13.26,31.87,42.7,886.1,16

2025-07-20T03:59:16.910Z,6,11.82,31.38,40.3,774,21

2025-07-20T03:59:19.921Z,7,11.88,29.19,40.2,707.6,28

2025-07-20T03:59:22.925Z,8,12.05,24.08,34.1,695.1,31

2025-07-20T03:59:25.936Z,9,12.18,27.8,35.8,688.7,33

2025-07-20T03:59:28.952Z,10,12.78,24.24,45.6,617.8,40

2025-07-20T03:59:31.939Z,11,12.73,22.47,45.4,563.2,45

2025-07-20T03:59:34.936Z,12,12.33,19.66,39.9,504.1,52

2025-07-20T03:59:37.941Z,13,12.07,16.4,47.4,487.2,55

2025-07-20T03:59:40.939Z,14,12.14,15.25,42,425.8,58

2025-07-20T03:59:43.944Z,15,11.45,14.36,30.7,393,63

2025-07-20T03:59:46.946Z,16,12.21,12.65,34.9,345.1,66

2025-07-20T03:59:49.963Z,17,11.95,12.67,47.2,351.8,68

2025-07-20T03:59:52.966Z,18,11.38,12.05,39.2,307.6,71

2025-07-20T03:59:55.968Z,19,11.2,8.3,38.5,238.3,78

2025-07-20T03:59:58.980Z,20,9.95,5.67,47.9,159.2,85

2025-07-20T04:00:01.977Z,21,9.86,2.84,36.2,83.9,92

2025-07-20T04:00:04.980Z,22,9.96,2.14,48.9,62.4,94

2025-07-20T04:00:07.978Z,23,9.25,2.11,37.2,55.3,95

2025-07-20T04:00:11.030Z,24,10.28,2.02,30.7,54.5,95

2025-07-20T04:00:13.981Z,25,9.93,1.91,49.6,53.9,95

2025-07-20T04:00:16.972Z,26,9.36,1.81,41.1,55.5,95

2025-07-20T04:00:19.986Z,27,9.92,1.82,38.2,55.9,95

2025-07-20T04:00:22.978Z,28,9.2,1.8,38,56.9,95

2025-07-20T04:00:25.990Z,29,10.42,1.9,41.6,56.3,95

2025-07-20T04:00:28.987Z,30,9.73,1.82,40.9,52.8,95

2025-07-20T04:00:31.988Z,31,9.48,2.06,48.9,57.1,95

2025-07-20T04:00:34.991Z,32,10.27,1.79,48.4,55,95

2025-07-20T04:00:37.995Z,33,9.45,1.93,31.9,56.8,95

2025-07-20T04:00:40.999Z,34,10.09,1.95,41.9,56.7,95

2025-07-20T04:00:44.048Z,35,9.43,1.86,49.8,53.7,95

2025-07-20T04:00:47.035Z,36,9.24,2.03,47,57.2,95

2025-07-20T04:00:53.163Z,38,9.43,2.04,33.2,57.9,95

2025-07-20T04:00:56.007Z,39,9.88,2.06,48.4,57.3,95

2025-07-20T04:00:59.014Z,40,9.04,1.82,46.8,54.4,95

2025-07-20T04:01:02.007Z,41,10.25,1.82,49,54.1,95

2025-07-20T04:01:05.019Z,42,9.67,2.04,42.7,57.9,95

2025-07-20T04:01:08.023Z,43,10.24,2.06,38.3,58.1,95

2025-07-20T04:01:11.054Z,44,9.68,2.1,43.9,54.9,95

2025-07-20T04:01:14.023Z,45,9.8,2.07,32.1,57.7,95

2025-07-20T04:01:17.027Z,46,8.94,1.88,40.5,56.1,95

2025-07-20T04:01:20.040Z,47,9.69,1.76,36.8,58.2,95

2025-07-20T04:01:23.036Z,48,9.49,1.9,49.6,56.3,95

2025-07-20T04:01:26.032Z,49,9.41,2.03,47.3,57.6,95

2025-07-20T04:01:29.081Z,50,9.73,1.85,33,55.7,95

2025-07-20T04:01:32.037Z,51,9.25,1.84,41.3,58,95

2025-07-20T04:01:35.040Z,52,10.31,1.88,39.7,59.6,95

2025-07-20T04:01:38.041Z,53,10.32,2.07,45.7,58.6,95

2025-07-20T04:01:41.904Z,54,9.19,1.87,40.9,60.4,95

2025-07-20T04:01:44.053Z,55,9.58,2.01,31.1,56.9,95

2025-07-20T04:01:47.064Z,56,10.35,1.84,46.5,59.1,95

2025-07-20T04:01:50.065Z,57,8.92,2.08,49.4,56.8,95

2025-07-20T04:01:53.064Z,58,9.44,2.05,47.1,59.9,95

2025-07-20T04:01:56.065Z,59,10.01,1.97,38.3,57.4,95

2025-07-20T04:01:59.069Z,60,9.8,1.86,45.6,59.2,95

2025-07-20T04:02:02.076Z,61,9.31,2,40.1,57.3,95

2025-07-20T04:02:05.171Z,62,9.74,1.81,38.1,60.4,95

2025-07-20T04:02:08.080Z,63,10.05,1.87,37.7,56.9,95

2025-07-20T04:02:11.082Z,64,10.36,2.02,45.1,56.6,95

2025-07-20T04:07:58.598Z,1,13.62,33.93,34,922.1,6

2025-07-20T04:08:01.459Z,2,12.14,31.9,43.1,925.3,9

2025-07-20T04:08:04.446Z,3,13.61,35.91,30.3,871.5,12

2025-07-20T04:08:07.450Z,4,13.52,31.74,49.4,822.9,17

2025-07-20T04:08:10.509Z,5,13.16,28.94,38.2,795.7,19

2025-07-20T04:08:13.475Z,6,12.88,26.93,37.6,788.6,26

2025-07-20T04:08:16.452Z,7,13.18,25.78,48.9,737.1,28

2025-07-20T04:08:19.464Z,8,12.12,28.65,40.2,736.6,31

2025-07-20T04:08:22.513Z,9,11.81,23.9,39.4,633.7,38

2025-07-20T04:08:25.486Z,10,11.39,21.49,39.6,592.7,45

2025-07-20T04:08:28.502Z,11,12.94,20.68,41.8,572.8,47

2025-07-20T04:08:31.559Z,12,12.73,20.98,42.3,547.5,49

2025-07-20T04:08:34.510Z,13,12.25,18.44,49.3,489,52

2025-07-20T04:08:37.537Z,14,11.72,16.41,33.9,484.9,55

2025-07-20T04:08:40.539Z,15,12.05,16.94,39.1,451.3,57

2025-07-20T04:08:43.504Z,16,12.74,14.35,33.8,407.2,62

2025-07-20T04:08:46.495Z,17,12.27,14.87,40.8,380.7,64

2025-07-20T04:08:49.505Z,18,12.37,13.79,41.4,363.1,66

2025-07-20T04:08:52.507Z,19,10.79,12.09,35.8,304.1,71

2025-07-20T04:08:55.509Z,20,10.76,8.47,37.4,249.1,76

2025-07-20T04:08:58.513Z,21,10.94,8.19,49.5,242.7,78

2025-07-20T04:09:01.520Z,22,10.51,7.51,47.1,215.4,80

2025-07-20T04:09:04.523Z,23,9.83,5.29,37.3,142.6,87

2025-07-20T04:09:07.601Z,24,9.83,2.21,35.3,66,94

2025-07-20T04:09:10.604Z,25,9.95,2.02,46.7,53.2,95

2025-07-20T04:09:13.528Z,26,9.37,2.02,45.5,54.5,95

2025-07-20T04:09:16.528Z,27,9.68,2.01,48.1,54.6,95

2025-07-20T04:09:19.538Z,28,9.62,1.94,38.3,54.8,95

2025-07-20T04:09:22.530Z,29,9.23,1.96,48.2,57.2,95

2025-07-20T04:09:25.540Z,30,9.59,1.96,33.5,53.3,95

2025-07-20T04:09:28.563Z,31,10.38,1.91,44.8,55.7,95

2025-07-20T04:09:31.547Z,32,9.21,1.76,31.5,56.3,95

2025-07-20T04:09:34.570Z,33,8.94,1.95,43,55.9,95

2025-07-20T04:09:37.573Z,34,9.23,1.81,46.5,54.5,95

2025-07-20T04:09:40.585Z,35,10.02,1.9,35.6,56.6,95

2025-07-20T04:09:43.581Z,36,9.96,1.83,44.6,53.7,95

2025-07-20T04:09:46.589Z,37,9.39,2.03,32.2,55.4,95

2025-07-20T04:09:49.548Z,38,9.48,2.07,44.5,57.8,95

2025-07-20T04:09:52.547Z,39,9.72,1.98,41.6,55.1,95

2025-07-20T04:09:55.600Z,40,9.98,1.86,47.9,56.1,95

2025-07-20T04:09:58.549Z,41,10.08,1.82,46.4,56.7,95

2025-07-20T04:10:01.569Z,42,10.16,1.78,34,58.4,95

2025-07-20T04:10:04.561Z,43,9.94,1.82,48.1,54.4,95

2025-07-20T04:10:07.563Z,44,9.64,1.94,36.5,57.5,95

2025-07-20T04:10:11.052Z,45,9.59,1.76,49.6,58.4,95

2025-07-20T04:10:13.604Z,46,9.85,1.88,46.8,55.8,95

2025-07-20T04:10:16.570Z,47,9.76,1.83,37.8,57.3,95

2025-07-20T04:10:19.586Z,48,9.05,1.74,44.9,59,95

2025-07-20T04:10:22.618Z,49,9.57,2.02,47.9,57.4,95

2025-07-20T04:10:25.593Z,50,9.47,2.06,49.2,57.8,95

2025-07-20T04:10:28.592Z,51,10.09,1.96,36.6,58.6,95

2025-07-20T04:10:31.640Z,52,9.41,1.94,33,55.4,95

2025-07-20T04:10:34.647Z,53,9.23,1.95,42.1,58.7,95

2025-07-20T04:10:37.638Z,54,9.17,2.01,34.4,57.8,95

2025-07-20T04:10:40.679Z,55,8.97,1.88,41.9,59.2,95

2025-07-20T04:10:43.663Z,56,9.98,2.05,32.3,56.7,95

2025-07-20T04:10:46.731Z,57,10.1,2.06,38.6,58.9,95

2025-07-20T04:10:49.710Z,58,9.39,1.79,46.5,60.1,95

2025-07-20T04:10:52.644Z,59,8.97,1.98,38.7,57.4,95

2025-07-20T04:10:55.652Z,60,9.64,1.91,45.1,58,95

2025-07-20T04:10:58.656Z,61,9.12,1.9,46.7,57.9,95

2025-07-20T04:11:01.664Z,62,9.92,1.88,39.8,59.7,95

2025-07-20T04:11:04.668Z,63,9.53,1.77,37.1,60.9,95

2025-07-20T04:11:07.668Z,64,9.74,2.03,40.6,60.3,95

2025-07-20T04:11:10.676Z,65,9.85,1.81,40.4,58.3,95

2025-07-20T04:11:13.692Z,66,9.41,2.04,35.9,57.9,95

2025-07-20T04:11:16.670Z,67,9.66,1.93,46,57.9,95

2025-07-20T04:11:19.671Z,68,10.03,1.83,45.6,60.1,95

2025-07-20T04:11:22.693Z,69,10.26,1.76,37.4,56.8,95

2025-07-20T04:11:25.720Z,70,9.56,1.87,47.4,57.8,95

2025-07-20T04:11:28.713Z,71,9.99,1.93,33.9,60.1,95

2025-07-20T04:11:31.723Z,72,9.51,1.98,37.3,61.7,95

2025-07-20T04:11:34.723Z,73,8.9,1.83,41.4,61.1,95

2025-07-20T04:11:37.678Z,74,9.93,1.82,33.1,61.2,95

2025-07-20T04:11:40.685Z,75,10.24,1.96,47.2,57.7,95

2025-07-20T04:11:43.688Z,76,9.83,1.99,31,59.4,95

2025-07-20T04:11:46.693Z,77,9.03,2.09,44,62,95

2025-07-20T04:11:49.698Z,78,9.71,2.04,38.8,60.3,95

2025-07-20T04:11:52.710Z,79,9.52,2.03,41.6,59.6,95

2025-07-20T04:11:55.709Z,80,10.26,1.85,39.8,57.7,95

2025-07-20T04:11:58.712Z,81,10.21,2.09,39.4,58.4,95

2025-07-20T04:12:01.717Z,82,9.02,2.06,33,58.5,95

2025-07-20T04:12:04.721Z,83,9.93,2.01,35.8,61,95

2025-07-20T04:12:07.730Z,84,10.09,1.77,41.9,61.3,95

2025-07-20T04:12:10.733Z,85,10.17,1.83,31.6,61.3,95

2025-07-20T04:12:13.750Z,86,10.21,1.83,41.5,62,95

2025-07-20T04:12:16.730Z,87,9.62,2.01,39,61.8,95

2025-07-20T04:12:19.735Z,88,9.94,1.86,31.8,61.6,95

2025-07-20T04:12:22.818Z,89,9.85,1.84,38.2,57.6,95

2025-07-20T04:12:25.739Z,90,9.1,1.79,35.7,61.2,95

2025-07-20T04:12:28.743Z,91,9.25,1.84,49.1,57.5,95

2025-07-20T04:12:31.747Z,92,10.26,2.01,30.3,60.6,95

2025-07-20T04:12:34.747Z,93,9.45,2.1,48.2,58.7,95

2025-07-20T04:12:37.761Z,94,10,1.88,35.1,58.1,95

2025-07-20T04:12:40.878Z,95,10.2,1.85,44.8,58,95

2025-07-20T04:12:43.763Z,96,9.99,1.99,49,60.6,95

2025-07-20T04:12:46.798Z,97,8.99,2.07,47.5,59.7,95

2025-07-20T04:12:49.789Z,98,9.91,2,33,61.3,95

2025-07-20T04:12:52.790Z,99,9.12,1.82,42.7,61.6,95

2025-07-20T04:12:55.787Z,100,9.27,1.99,44.9,59.8,95

2025-07-20T04:12:58.792Z,101,9.19,1.92,41,58.7,95

2025-07-20T04:13:01.819Z,102,9.7,2.03,41.7,60.3,95

2025-07-20T04:13:04.814Z,103,9.21,1.92,37.5,57.7,95

2025-07-20T04:13:07.864Z,104,9.06,1.86,42.6,60.8,95

2025-07-20T04:13:10.836Z,105,9.19,2.05,43.9,61.3,95

2025-07-20T04:13:13.860Z,106,10.06,1.9,44.2,61.4,95

2025-07-20T04:13:16.878Z,107,9.45,2.01,46.3,58.4,95

2025-07-20T04:13:20.363Z,108,9.97,1.8,49.3,60.6,95

2025-07-20T04:13:23.831Z,109,9.64,2.09,37.8,59.7,95

2025-07-20T04:13:25.928Z,110,9.41,1.9,35.8,58.8,95

2025-07-20T04:13:28.928Z,111,9,2.08,32.5,58.4,95

2025-07-20T04:13:31.818Z,112,10.17,1.97,42.8,60,95

2025-07-20T04:13:34.826Z,113,9.7,1.78,43.9,60.8,95

2025-07-20T04:13:37.843Z,114,10.28,1.79,31.6,56.9,95

2025-07-20T04:13:40.837Z,115,9.25,1.86,49.3,58.2,95

2025-07-20T04:13:43.845Z,116,10.24,1.9,49.6,59.9,95

2025-07-20T04:13:46.860Z,117,9.92,1.84,39.8,58,95

2025-07-20T04:13:49.858Z,118,9.46,1.92,48,59,95

2025-07-20T04:13:52.863Z,119,10.01,1.86,45.1,57.8,95

2025-07-20T04:13:55.862Z,120,10.29,1.97,32,57.9,95

2025-07-20T04:13:58.872Z,121,10.24,2.07,30,56.4,95

2025-07-20T04:14:01.876Z,122,9.18,1.79,36.3,59.6,95

2025-07-20T04:14:04.883Z,123,8.96,1.98,31.2,57.7,95

2025-07-20T04:14:07.882Z,124,10.14,1.87,48.8,57.6,95

2025-07-20T04:14:10.888Z,125,10.24,2.06,39.6,58.8,95

2025-07-20T04:14:13.913Z,126,9.09,1.78,42,56.1,95

2025-07-20T04:14:16.889Z,127,9.36,1.95,45.2,57.9,95

2025-07-20T04:14:19.894Z,128,9.81,2.07,41.6,56.8,95

2025-07-20T04:14:22.893Z,129,10.26,1.75,30.5,58.5,95

2025-07-20T04:14:25.896Z,130,9.39,1.8,45.6,59.8,95

2025-07-20T04:14:28.899Z,131,10.28,1.96,37,56.9,95

2025-07-20T04:14:31.904Z,132,9.2,1.86,42.3,56.1,95

2025-07-20T04:14:34.902Z,133,10.12,1.77,47.1,55.8,95

2025-07-20T04:14:37.909Z,134,9.22,1.88,35.4,59.6,95

2025-07-20T04:14:40.910Z,135,10.01,1.95,32.4,56.7,95

2025-07-20T04:14:43.916Z,136,9.97,1.93,35.9,54.7,95

2025-07-20T04:14:46.914Z,137,10.39,1.96,32.7,58.3,95

2025-07-20T04:14:49.925Z,138,9.61,2.03,50,54.6,95

2025-07-20T04:14:52.951Z,139,9.37,1.98,45.4,55.3,95

2025-07-20T04:14:55.939Z,140,9.54,1.92,36.4,56,95

2025-07-20T04:14:58.938Z,141,9.81,2.04,31.9,58.1,95

2025-07-20T04:15:02.032Z,142,9.87,2.05,38.9,58.3,95

2025-07-20T04:15:04.986Z,143,10.08,1.97,49,58.6,95

2025-07-20T04:15:07.966Z,144,9.63,1.79,33.8,57.9,95

2025-07-20T04:15:10.997Z,145,9.4,1.81,36.1,57.2,95

2025-07-20T04:15:13.950Z,146,10.14,2.04,45,55.3,95

2025-07-20T04:15:16.953Z,147,9.23,1.9,37.6,56.4,95

2025-07-20T04:15:19.955Z,148,9.35,1.98,43.7,53.3,95

2025-07-20T04:15:22.954Z,149,9.37,1.85,47.6,55.1,95

2025-07-20T04:15:25.965Z,150,9.68,1.84,49,53.1,95

2025-07-20T04:15:28.968Z,151,9.8,1.89,43.6,53,95

2025-07-20T04:15:31.976Z,152,9.38,1.76,49.5,55.9,95

2025-07-20T04:15:34.981Z,153,10.27,2.08,47.8,53.9,95

2025-07-20T04:15:37.982Z,154,9.77,2.06,45.7,54.7,95

2025-07-20T04:15:40.992Z,155,9.07,1.8,41.3,55.8,95

2025-07-20T04:15:43.992Z,156,9.55,2.06,43.7,53.2,95

2025-07-20T04:15:46.994Z,157,9.17,1.79,44.6,53.8,95

2025-07-20T04:15:49.996Z,158,10.03,1.95,48.4,55.2,95

2025-07-20T04:15:52.997Z,159,9.92,1.95,35.1,55.7,95

2025-07-20T04:15:56.002Z,160,8.89,1.83,33.1,55.4,95

2025-07-20T04:15:59.001Z,161,9.96,1.93,49.6,54.7,95

2025-07-20T04:16:02.179Z,162,9.42,1.78,47.1,54.3,95

2025-07-20T04:16:05.008Z,163,9.85,1.98,31.2,52.3,95

2025-07-20T04:16:08.021Z,164,9.14,1.8,41,53.7,95

2025-07-20T04:16:11.056Z,165,9.6,1.99,39.6,54.6,95

2025-07-20T04:16:14.095Z,166,10.01,1.95,32.6,51.6,95

2025-07-20T04:16:17.139Z,167,9.04,2.1,49,51.5,95

2025-07-20T04:16:20.193Z,168,9.92,2.06,48.2,50.1,95

2025-07-20T04:16:23.109Z,169,9.54,1.97,36.3,52,95

2025-07-20T04:16:26.037Z,170,9.9,1.78,32,54.1,95

2025-07-20T04:16:29.035Z,171,9.39,2.06,39.9,49.8,95

2025-07-20T04:16:32.041Z,172,8.97,2.09,35.2,53.5,95

2025-07-20T04:16:35.061Z,173,10.02,1.88,30.1,52,95

2025-07-20T04:16:38.115Z,174,10.21,2.02,48,52.2,95

2025-07-20T04:16:41.698Z,175,9.99,1.82,43.5,52.4,95

2025-07-20T04:16:44.112Z,176,9.39,2.01,32.6,50.5,95

2025-07-20T04:16:47.121Z,177,10.2,1.81,38.5,50.3,95

2025-07-20T04:16:50.129Z,178,8.94,2.1,31.1,51.8,95

2025-07-20T04:16:53.135Z,179,9.65,1.8,37.1,50.3,95

2025-07-20T04:16:56.143Z,180,12.73,41.58,33.7,966.8,1

2025-07-20T04:16:59.149Z,181,12.03,33.02,42.6,893.4,8

2025-07-20T04:17:02.144Z,182,13.66,34.62,37.5,905.9,13

2025-07-20T04:17:05.158Z,183,12.56,30.56,42,859.7,16

2025-07-20T04:17:08.168Z,184,12.06,31.71,46.8,786.9,21

2025-07-20T04:17:11.225Z,185,12.86,28.75,32.9,762.6,23

2025-07-20T04:17:14.262Z,186,13.26,30.19,45.5,762.8,25

2025-07-20T04:17:17.264Z,187,12.79,27.36,42.3,684.3,32

2025-07-20T04:17:20.269Z,188,12.27,22.26,42.4,611.8,39

2025-07-20T04:17:23.287Z,189,11.42,19.14,46.7,522,46

2025-07-20T04:17:26.349Z,190,11.26,19.45,46.3,500.8,51

2025-07-20T04:17:29.370Z,191,12.29,15.79,48.8,445,56

2025-07-20T04:17:32.362Z,192,11.52,17.12,35.3,398.7,59

2025-07-20T04:17:35.356Z,193,11.78,14.56,32.6,356.1,62

2025-07-20T04:17:38.363Z,194,11.68,13.31,32.3,325.3,65

2025-07-20T04:17:41.366Z,195,10.93,12.19,37.9,291.1,68

2025-07-20T04:17:44.365Z,196,11.64,11.72,33.3,283.5,71

2025-07-20T04:17:47.371Z,197,11.56,11.22,33.1,249,73

2025-07-20T04:17:50.372Z,198,11.07,9.03,35.4,211.1,78

2025-07-20T04:17:53.374Z,199,10.91,8.09,43.7,193.1,80

2025-07-20T04:17:56.380Z,200,11.46,6.72,34.3,158,83

2025-07-20T04:17:59.391Z,201,10.48,5.18,48.7,124.3,86

2025-07-20T04:18:02.503Z,202,10.15,2.61,47.6,63.8,93

2025-07-20T04:18:05.407Z,203,9.53,2.02,46.8,46.7,95

2025-07-20T04:18:08.412Z,204,9.01,1.89,34,48,95

2025-07-20T04:18:11.402Z,205,9.77,1.93,33.9,43.7,95

2025-07-20T04:18:14.404Z,206,10.2,1.76,46.5,46,95

2025-07-20T04:18:17.408Z,207,8.98,2.1,41.1,47.2,95

2025-07-20T04:18:20.421Z,208,10.26,1.87,37,45.6,95

2025-07-20T04:18:23.428Z,209,9.83,2.01,48.8,43.9,95

2025-07-20T04:18:26.433Z,210,10.39,1.99,44.2,46.8,95

2025-07-20T04:18:29.433Z,211,9.3,1.77,40.9,47.4,95

2025-07-20T04:18:32.451Z,212,9.01,1.9,39.2,43.8,95

2025-07-20T04:18:35.482Z,213,9.8,2.09,47.7,44.9,95

2025-07-20T04:18:38.455Z,214,10.2,2.03,37.2,45.6,95

2025-07-20T04:18:41.486Z,215,10.18,1.81,37.9,45.9,95

2025-07-20T04:18:44.505Z,216,9.46,1.79,45.4,43.2,95

2025-07-20T04:18:47.448Z,217,9.48,1.76,41.6,43.8,95

2025-07-20T04:18:50.454Z,218,10.18,1.95,49.1,42,95

2025-07-20T04:18:53.466Z,219,9.27,1.99,38.2,42.8,95

2025-07-20T04:18:56.540Z,220,9.36,2.08,45.7,45.4,95

2025-07-20T04:18:59.579Z,221,9.07,1.84,36.5,44.8,95

2025-07-20T04:19:02.603Z,222,10.24,1.85,35,46.2,95

2025-07-20T04:19:05.611Z,223,9.87,1.99,42.6,44.7,95

2025-07-20T04:19:08.525Z,224,10.02,1.92,49.8,42.2,95

2025-07-20T04:19:12.379Z,225,9.66,1.93,49,42.7,95

2025-07-20T04:19:14.559Z,226,10.31,2.02,39.4,40.7,95

2025-07-20T04:19:17.678Z,227,9.22,1.9,30.4,42.9,95

2025-07-20T04:19:20.544Z,228,10.38,2.06,33,43.6,95

2025-07-20T04:19:23.545Z,229,9.26,1.76,30.5,44.8,95

2025-07-20T04:19:26.551Z,230,9.63,1.77,35.5,43.1,95

2025-07-20T04:19:30.182Z,231,9.64,1.93,39.3,43.3,95

2025-07-20T04:19:32.548Z,232,9.32,1.89,33.4,40,95

2025-07-20T04:19:35.555Z,233,9.07,1.79,33,42,95

2025-07-20T04:19:38.555Z,234,9.75,1.88,35,40.6,95

2025-07-20T04:19:41.645Z,235,9.73,1.96,35.8,39.6,95

2025-07-20T04:19:44.568Z,236,10.04,1.94,31.4,40.5,95

2025-07-20T04:19:47.617Z,237,9.4,1.94,33.6,42.3,95

2025-07-20T04:19:50.679Z,238,9.75,2.07,47.5,42.1,95

2025-07-20T04:19:53.574Z,239,8.96,1.76,41.9,40.3,95

2025-07-20T04:19:56.584Z,240,9.43,1.82,49,40.7,95

2025-07-20T04:19:59.581Z,241,9.53,2.04,43.2,42.2,95

2025-07-20T04:20:02.579Z,242,9.27,2.07,32.2,41.7,95

2025-07-20T04:20:05.582Z,243,9.3,1.88,34.4,39.7,95

2025-07-20T04:20:08.587Z,244,9.73,1.98,44.4,40.5,95

2025-07-20T04:20:11.584Z,245,10.14,1.91,46,41.8,95

2025-07-20T04:20:14.652Z,246,9.26,1.94,32,41.1,95

2025-07-20T04:20:17.593Z,247,9.65,1.94,42.6,38.8,95

2025-07-20T04:20:20.597Z,248,10.05,1.76,34.8,42.3,95

2025-07-20T04:20:23.611Z,249,8.96,1.88,47.5,40.9,95

2025-07-20T04:20:26.607Z,250,9.58,1.96,44.9,41.4,95

2025-07-20T04:20:29.610Z,251,9.96,1.77,47.9,42.2,95

2025-07-20T04:20:32.608Z,252,10.22,1.82,33,40.8,95

2025-07-20T04:20:35.621Z,253,9.49,1.95,35.2,42.6,95

2025-07-20T04:20:38.622Z,254,9.01,1.87,48,42.1,95

2025-07-20T04:20:41.628Z,255,10.21,1.83,37.4,42.9,95

2025-07-20T04:20:44.647Z,256,9.96,2.04,47.9,41.9,95

2025-07-20T04:20:47.689Z,257,9.73,1.84,34.7,42.1,95

2025-07-20T04:20:50.633Z,258,8.93,1.85,44.1,40.7,95

2025-07-20T04:20:53.642Z,259,9.79,1.95,43.6,38.2,95

2025-07-20T04:20:56.635Z,260,9.15,1.98,35.8,42.5,95

2025-07-20T04:20:59.643Z,261,9.25,1.92,43.2,38.4,95

2025-07-20T04:21:02.643Z,262,8.95,2.11,43.9,38.5,95

2025-07-20T04:21:05.644Z,263,10.03,1.93,30.1,41.2,95

2025-07-20T04:21:08.642Z,264,10.13,1.99,49.3,38.6,95

2025-07-20T04:21:11.647Z,265,10.15,1.99,31.3,38.6,95

2025-07-20T04:21:14.656Z,266,10.17,1.98,41.8,41.7,95

2025-07-20T04:21:17.669Z,267,9.45,1.85,39.5,37.8,95

2025-07-20T04:21:20.679Z,268,9.11,1.94,45.1,39.4,95

2025-07-20T04:21:23.678Z,269,9.98,2.02,39,40,95

2025-07-20T04:21:26.712Z,270,9.87,1.83,44.9,40.5,95

2025-07-20T04:21:29.720Z,271,9.95,2.02,47.3,38.2,95

2025-07-20T04:21:32.745Z,272,10.37,1.76,32.7,41,95

2025-07-20T04:21:35.726Z,273,9.99,1.98,49,38.1,95

2025-07-20T04:21:38.687Z,274,9.45,1.98,32.6,40.2,95

2025-07-20T04:21:41.689Z,275,8.87,1.97,44.4,41.3,95

2025-07-20T04:21:44.693Z,276,10.34,2.05,30.8,41.6,95

2025-07-20T04:21:47.702Z,277,9.97,2.03,44.9,38.3,95

2025-07-20T04:21:50.703Z,278,9.98,2.01,33.5,41.3,95

2025-07-20T04:21:53.701Z,279,9.83,1.78,38.4,38.2,95

2025-07-20T04:21:56.734Z,280,9.57,1.97,48.9,40.4,95

2025-07-20T04:21:59.724Z,281,9.63,1.89,45.4,40,95

2025-07-20T04:22:02.725Z,282,8.94,1.87,47.1,39.9,95

2025-07-20T04:22:05.730Z,283,10.35,1.96,47.9,37.7,95

2025-07-20T04:22:08.743Z,284,9.21,1.99,44.7,42.3,95

2025-07-20T04:22:11.738Z,285,9.67,2.03,32.1,42.1,95

2025-07-20T04:22:14.752Z,286,10.26,2.06,40.4,39.7,95

2025-07-20T04:22:17.743Z,287,9.81,1.97,32.5,40.3,95

2025-07-20T04:22:20.740Z,288,10.25,1.87,38.3,42.6,95

2025-07-20T04:22:23.757Z,289,9.76,2.08,42.5,42.2,95

2025-07-20T04:22:26.750Z,290,9.62,1.79,35.2,42.5,95

2025-07-20T04:22:29.765Z,291,9.69,1.92,49.3,39.8,95

2025-07-20T04:22:32.779Z,292,9.86,1.85,31.8,40.7,95

2025-07-20T04:22:35.783Z,293,9.94,1.77,44.2,39.7,95

2025-07-20T04:22:40.190Z,294,9.78,1.82,41.6,42.3,95

2025-07-20T04:22:41.849Z,295,9.51,1.86,40.9,39.9,95

2025-07-20T04:22:44.876Z,296,9.69,1.82,36.5,40.6,95

2025-07-20T04:22:47.880Z,297,8.98,2.09,34.3,38.3,95

2025-07-20T04:22:50.855Z,298,9.72,1.98,47.7,41.1,95

2025-07-20T04:22:53.886Z,299,9.01,1.96,43.2,43.2,95

2025-07-20T04:22:56.837Z,300,10.04,1.82,36.4,38.9,95

2025-07-20T04:22:59.889Z,301,10.2,1.9,36.2,41.5,95

2025-07-20T04:23:02.837Z,302,9.11,1.79,30.6,42.4,95

2025-07-20T04:23:05.838Z,303,10.42,1.95,36.6,41.1,95

2025-07-20T04:23:08.889Z,304,9.57,2.02,40,42.9,95

2025-07-20T04:23:11.842Z,305,9.36,1.8,35.5,41.7,95

2025-07-20T04:23:14.855Z,306,10.29,2.06,35.7,43,95

2025-07-20T04:23:17.852Z,307,10.02,1.84,48,42.1,95

2025-07-20T04:23:20.844Z,308,10.02,1.94,45.2,43.9,95

2025-07-20T04:23:23.851Z,309,9.41,2.03,36,41,95

2025-07-20T04:23:26.851Z,310,10.03,1.93,33.1,40.4,95

2025-07-20T04:23:29.859Z,311,9.44,1.99,35.3,44.1,95

2025-07-20T04:23:32.881Z,312,10.12,2.07,42.7,43.8,95

2025-07-20T04:23:35.870Z,313,9.36,1.75,30,41.5,95

2025-07-20T04:23:39.029Z,314,9.11,1.84,47.2,41.4,95

2025-07-20T04:23:41.873Z,315,9.38,1.86,42,44.8,95

2025-07-20T04:23:44.885Z,316,9.17,2.07,48.8,43.6,95

2025-07-20T04:23:47.877Z,317,9.38,2.03,47.4,41.1,95

2025-07-20T04:23:50.883Z,318,8.98,1.78,42.8,44.7,95

2025-07-20T04:23:53.890Z,319,10.2,1.88,38,45,95

2025-07-20T04:23:56.885Z,320,9.64,1.99,35.2,45.2,95

2025-07-20T04:23:59.888Z,321,10.12,1.91,32,40.9,95

2025-07-20T04:24:02.890Z,322,8.87,2.04,40.5,43.6,95

2025-07-20T04:24:05.890Z,323,9.26,1.86,48.6,42.5,95

2025-07-20T04:24:08.888Z,324,10.31,1.98,38,43.2,95

2025-07-20T04:24:11.918Z,325,8.96,1.9,36.5,41.1,95

2025-07-20T04:24:14.898Z,326,10.05,1.98,41.4,45.5,95

2025-07-20T04:24:17.899Z,327,9.7,1.98,38.2,44.9,95

2025-07-20T04:24:20.912Z,328,9.42,1.78,49,42.2,95

2025-07-20T04:24:23.928Z,329,10.3,1.83,43.8,41.8,95

2025-07-20T04:24:26.924Z,330,8.95,2.09,39.9,42.1,95

2025-07-20T04:24:29.925Z,331,9.67,2.1,43.3,43.6,95

2025-07-20T04:24:32.926Z,332,9.69,1.78,39.4,46.2,95

2025-07-20T04:24:35.954Z,333,10.32,1.89,37,42.5,95

2025-07-20T04:24:38.962Z,334,9.42,2.07,43.5,46.4,95

2025-07-20T04:24:41.930Z,335,9.09,1.81,39.3,46,95

2025-07-20T04:24:44.927Z,336,9.4,1.91,36.2,45.7,95

2025-07-20T04:24:47.939Z,337,9.69,1.99,35.4,44.3,95

2025-07-20T04:24:50.938Z,338,9.95,1.93,41.4,47.3,95

2025-07-20T04:24:53.968Z,339,9.24,1.81,39.7,47.5,95

2025-07-20T04:24:56.965Z,340,9.39,2.11,34.1,46.7,95

2025-07-20T04:24:59.986Z,341,9.36,2.06,36.9,45.5,95

2025-07-20T04:25:02.938Z,342,9.3,1.77,40.2,46.5,95

2025-07-20T04:25:05.943Z,343,10.24,1.92,38.9,47.1,95

2025-07-20T04:25:08.943Z,344,9.25,1.83,34.5,48,95

2025-07-20T04:25:11.954Z,345,9.18,1.83,37.6,46.5,95

2025-07-20T04:25:14.951Z,346,10.32,1.96,37.3,48.2,95

2025-07-20T04:25:17.962Z,347,9.33,1.93,41.6,47,95

2025-07-20T04:25:20.969Z,348,10.37,1.95,33.3,47.3,95

2025-07-20T04:25:23.972Z,349,9.62,1.94,33.1,49.4,95

2025-07-20T04:25:26.978Z,350,9.31,1.86,48.8,48.1,95

2025-07-20T04:25:29.980Z,351,10.09,1.83,44.7,47,95

2025-07-20T04:25:32.983Z,352,9.37,2.06,43.7,49.6,95

2025-07-20T04:25:35.989Z,353,9.17,2.04,34.5,48.3,95

2025-07-20T04:25:40.186Z,354,9.96,1.75,37.8,50.4,95

2025-07-20T04:25:43.587Z,355,9.62,1.87,40.7,46.9,95

2025-07-20T04:25:44.990Z,356,9.39,1.97,34.3,50.4,95

2025-07-20T04:25:47.990Z,357,9.43,1.86,38.1,48.2,95

2025-07-20T04:25:51.002Z,358,9.81,1.89,41.4,47.9,95

2025-07-20T04:25:54.061Z,359,9.59,2.01,40.9,51.5,95

2025-07-20T04:25:57.014Z,360,13.24,36.97,37.2,940.6,1

2025-07-20T04:26:00.028Z,361,13.72,38.92,44.5,965.9,6

2025-07-20T04:26:03.033Z,362,13.9,36.06,40.6,941.1,8

2025-07-20T04:26:06.035Z,363,13.5,33.08,31.6,860.9,15

2025-07-20T04:26:09.043Z,364,12.11,33.32,30.5,818.1,20

2025-07-20T04:26:12.054Z,365,12.32,28.53,43.9,764.5,27

2025-07-20T04:26:15.044Z,366,11.74,24.68,43.3,682.6,34

2025-07-20T04:26:18.056Z,367,11.81,26.67,47.7,647.7,36

2025-07-20T04:26:21.054Z,368,12.69,21.3,49,577.6,41

2025-07-20T04:26:24.077Z,369,12.99,19.09,42.6,506.2,48

2025-07-20T04:26:27.064Z,370,11.97,17.79,32.1,516.7,51

2025-07-20T04:26:30.054Z,371,11.87,19.02,37.4,467.4,54

2025-07-20T04:26:33.134Z,372,12.43,15.1,32.2,414.9,59

2025-07-20T04:26:36.102Z,373,12.3,16.03,32.6,412.5,61

2025-07-20T04:26:39.078Z,374,12.38,13.9,32.9,358.4,66

2025-07-20T04:26:42.132Z,375,11.82,13.19,41.1,327.1,68

2025-07-20T04:26:45.079Z,376,11.29,11.26,34.5,307.1,71

2025-07-20T04:26:48.084Z,377,11.58,11.21,45.8,287.3,73

2025-07-20T04:26:51.134Z,378,11.01,7.67,31.5,223,78

2025-07-20T04:26:54.119Z,379,10.82,6.77,39.8,186.3,83

2025-07-20T04:26:57.167Z,380,10.23,5.11,49.6,147,86

2025-07-20T04:27:00.178Z,381,9.82,3.46,36.1,99.1,91

2025-07-20T04:27:03.172Z,382,9.75,2.06,44.8,52.1,95

2025-07-20T04:27:06.180Z,383,10.04,1.87,45.3,54,95

2025-07-20T04:27:09.227Z,384,10.18,2.08,32,54,95

2025-07-20T04:27:12.220Z,385,9.83,1.81,32.9,52.5,95

2025-07-20T04:27:15.242Z,386,9.44,2.06,39.5,54.7,95

2025-07-20T04:27:18.222Z,387,9.19,1.79,49.2,55.7,95

2025-07-20T04:27:21.250Z,388,10.06,1.82,48.4,55.2,95

2025-07-20T04:27:24.250Z,389,10.11,1.79,33.3,54.2,95

2025-07-20T04:27:27.220Z,390,8.96,1.75,47.6,54.5,95

2025-07-20T04:27:30.230Z,391,10.22,1.99,35.2,55.7,95

2025-07-20T04:27:33.251Z,392,8.85,2.06,41.3,53.7,95

2025-07-20T04:27:36.256Z,393,10.33,2.01,33.2,55.7,95

2025-07-20T04:27:39.264Z,394,10,1.94,35,56.8,95

2025-07-20T04:27:42.216Z,395,9.58,1.78,45.4,53.9,95

2025-07-20T04:27:45.219Z,396,9.27,1.79,34.2,56.4,95

2025-07-20T04:27:48.225Z,397,9.79,1.83,38.2,54.3,95

2025-07-20T04:27:51.228Z,398,9.34,1.94,34.8,56.7,95

2025-07-20T04:27:54.252Z,399,9.47,1.97,30.8,53.4,95

2025-07-20T04:27:57.290Z,400,9.48,1.9,42.9,55.6,95

2025-07-20T04:28:00.308Z,401,10.1,1.81,35.5,54.9,95

2025-07-20T04:28:03.293Z,402,9.8,1.8,49.1,58.2,95

2025-07-20T04:28:06.299Z,403,10.12,1.97,46.4,57.9,95

2025-07-20T04:28:09.314Z,404,9.62,1.91,37.2,55.4,95

2025-07-20T04:28:12.347Z,405,9.95,2.07,45.2,56.8,95

2025-07-20T04:28:15.378Z,406,9.97,1.76,38.7,58.5,95

2025-07-20T04:28:18.374Z,407,9.25,1.8,48.5,55.3,95

2025-07-20T04:28:21.372Z,408,8.95,2.05,36,58.8,95

2025-07-20T04:28:24.376Z,409,9.17,1.97,32.7,55.1,95

2025-07-20T04:28:27.382Z,410,9.56,1.87,35,56.8,95

2025-07-20T04:28:30.390Z,411,10.02,1.84,41.6,55,95

2025-07-20T04:28:33.387Z,412,9.38,1.94,46,57.1,95

2025-07-20T04:28:36.401Z,413,9.35,1.93,41.5,55.8,95

2025-07-20T04:28:40.203Z,414,9,1.91,40.7,58.5,95

2025-07-20T04:28:43.653Z,415,9.04,1.74,37,58.6,95

2025-07-20T04:28:45.489Z,416,9.09,2.01,37.9,56.9,95

2025-07-20T04:28:48.503Z,417,9.43,1.8,39,58.1,95

2025-07-20T04:28:51.508Z,418,9.98,1.78,35.7,58.6,95

2025-07-20T04:28:54.522Z,419,9.59,2.06,42.7,57.3,95

2025-07-20T04:28:57.527Z,420,9.97,1.99,32.4,56.5,95

2025-07-20T04:29:00.537Z,421,9.34,2.1,35.7,59,95

2025-07-20T04:29:03.582Z,422,9.37,1.96,43,56.9,95

2025-07-20T04:29:06.548Z,423,9.04,2.03,32.6,57.9,95

2025-07-20T04:29:09.586Z,424,9.83,1.93,39.4,59.4,95

2025-07-20T04:29:12.558Z,425,9.38,2.01,49.2,59.6,95

2025-07-20T04:29:15.559Z,426,9.45,1.87,45.5,58.8,95

2025-07-20T04:29:18.571Z,427,10.2,2.05,48.9,59.9,95

2025-07-20T04:29:21.581Z,428,9.8,2,43.2,56.9,95

2025-07-20T04:29:24.578Z,429,10.18,1.79,31,56.5,95

2025-07-20T04:29:27.578Z,430,9.67,2.07,46.5,59,95

2025-07-20T04:29:30.889Z,431,9.46,2,46.7,60.6,95

2025-07-20T04:29:33.586Z,432,9.86,2.04,46.6,57.2,95

2025-07-20T04:29:36.595Z,433,8.91,1.92,31.5,59.4,95

2025-07-20T04:29:39.588Z,434,9.12,2.07,31.8,59.6,95

2025-07-20T04:29:42.593Z,435,10.17,1.99,34.2,60.6,95

2025-07-20T04:29:45.607Z,436,8.93,2.08,35.3,58.7,95

2025-07-20T04:29:48.638Z,437,9.41,1.83,46.8,59,95

2025-07-20T04:29:51.592Z,438,10.32,2.05,49.3,60.3,95

2025-07-20T04:29:54.663Z,439,10.16,2.05,38.6,58.6,95

2025-07-20T04:29:57.671Z,440,9.21,1.92,37.7,59.5,95

2025-07-20T04:30:00.673Z,441,10.37,1.86,45.1,58,95

2025-07-20T04:30:03.955Z,442,10,2.05,35.7,58.5,95

2025-07-20T04:30:06.674Z,443,9.13,1.9,47.2,61.6,95

2025-07-20T04:30:09.730Z,444,9.25,1.9,40.1,61.6,95

2025-07-20T04:30:12.751Z,445,9.02,1.76,44.5,59.6,95

2025-07-20T04:30:15.832Z,446,9.53,2,30.2,59.4,95

2025-07-20T04:30:18.760Z,447,9.82,1.99,38.3,62.1,95

2025-07-20T04:30:21.784Z,448,10.41,2.08,38.5,61.4,95

2025-07-20T04:30:24.795Z,449,10.07,2.06,41.3,61.9,95

2025-07-20T04:30:27.767Z,450,9.7,2.02,48.6,60.4,95

2025-07-20T04:30:30.812Z,451,9.08,1.88,45.7,59.8,95

2025-07-20T04:30:33.816Z,452,9.11,1.79,30.9,62.4,95

2025-07-20T04:30:36.821Z,453,9.97,2,48,60.9,95

2025-07-20T04:30:39.795Z,454,9.8,1.98,36.3,60.3,95

2025-07-20T04:30:42.821Z,455,10.19,1.74,34.2,61.1,95

2025-07-20T04:30:45.816Z,456,9.06,2.01,33,58.9,95

2025-07-20T04:30:48.834Z,457,9.63,1.79,37,61.6,95

2025-07-20T04:30:51.863Z,458,10.06,1.82,45.6,62,95

2025-07-20T04:30:54.867Z,459,9.53,2,44.5,61,95

2025-07-20T04:30:57.910Z,460,9.69,1.87,47.1,61.2,95

2025-07-20T04:31:00.830Z,461,9.61,2,30.3,60.9,95

2025-07-20T04:31:03.831Z,462,10.35,1.88,46.8,59.8,95

2025-07-20T04:31:06.938Z,463,8.85,1.92,32.9,59.4,95

2025-07-20T04:31:09.840Z,464,10.37,2.05,46.3,58.2,95

2025-07-20T04:31:12.841Z,465,10.01,1.88,35.4,58.3,95

2025-07-20T04:31:15.842Z,466,9.99,2.06,39.3,58.6,95

2025-07-20T04:31:18.842Z,467,9.64,2.08,31.9,59,95

2025-07-20T04:31:21.845Z,468,9.85,2,48.4,62.1,95

2025-07-20T04:31:24.942Z,469,10.04,1.84,33.4,59.8,95

2025-07-20T04:31:27.854Z,470,9.75,1.79,33.5,57.7,95

2025-07-20T04:31:30.856Z,471,9.6,1.99,37.3,59.8,95

2025-07-20T04:31:33.857Z,472,10.2,2.02,35.2,59.9,95

2025-07-20T04:31:36.863Z,473,9.65,1.83,47,57.7,95

2025-07-20T04:31:40.213Z,474,9.1,1.81,35.6,57.3,95

2025-07-20T04:31:42.965Z,475,9.19,1.91,32.4,60.9,95

2025-07-20T04:31:45.887Z,476,9.49,2.08,38.5,59.7,95

2025-07-20T04:31:48.891Z,477,10.06,1.86,37.6,57.6,95

2025-07-20T04:31:52.262Z,478,9.28,2.02,36.5,58.7,95

2025-07-20T04:31:54.894Z,479,9.73,1.97,42.2,58,95

2025-07-20T04:31:57.895Z,480,9.42,1.76,35.9,57,95

2025-07-20T04:32:00.899Z,481,9.52,1.77,40.7,60.9,95

2025-07-20T04:32:03.907Z,482,8.92,2.01,32.2,59.6,95

2025-07-20T04:32:06.918Z,483,9.73,1.76,40.8,59.7,95

2025-07-20T04:32:09.914Z,484,9.37,1.81,43.8,57.4,95

2025-07-20T04:32:12.909Z,485,9.23,2.06,31.4,59.2,95

2025-07-20T04:32:15.979Z,486,9.45,2.09,32.6,57.8,95

2025-07-20T04:32:18.913Z,487,9.12,1.74,43.3,59.1,95

2025-07-20T04:32:21.918Z,488,10.31,2.02,46.3,56.9,95

2025-07-20T04:32:24.921Z,489,10.24,2.03,37,60.6,95

2025-07-20T04:32:27.969Z,490,10.18,1.76,31.3,56.5,95

2025-07-20T04:32:30.939Z,491,9.44,2.1,47.7,60.7,95

2025-07-20T04:32:33.939Z,492,9.33,1.86,41.3,60.4,95

2025-07-20T04:32:36.977Z,493,10.14,1.82,37.9,57,95

2025-07-20T04:32:42.945Z,495,9.83,1.85,32,55.6,95

2025-07-20T04:32:45.937Z,496,8.93,2.06,48.7,55.8,95

2025-07-20T04:32:48.937Z,497,10.43,1.78,49.7,60,95

2025-07-20T04:32:51.941Z,498,10.12,1.77,39.7,55.8,95

2025-07-20T04:32:54.941Z,499,9.76,1.77,44.1,56.4,95

2025-07-20T04:32:57.942Z,500,10.06,1.77,38.5,56.7,95

2025-07-20T04:33:00.948Z,501,9.24,1.89,48.8,58.4,95

2025-07-20T04:33:03.946Z,502,9.37,1.84,39.8,55.7,95

2025-07-20T04:33:06.962Z,503,10.22,1.99,46,58.9,95

2025-07-20T04:33:09.950Z,504,9.94,1.94,48,57.4,95

2025-07-20T04:33:13.094Z,505,8.89,1.77,45.9,56.9,95

2025-07-20T04:33:15.963Z,506,9.24,2.02,38.9,56.1,95

2025-07-20T04:33:18.970Z,507,9.35,1.99,37.9,56.6,95

2025-07-20T04:33:21.974Z,508,10.04,1.99,48,57.2,95

2025-07-20T04:33:24.977Z,509,9.96,1.86,36,58.1,95

2025-07-20T04:33:27.984Z,510,9.7,1.82,37.3,53.5,95

2025-07-20T04:33:31.009Z,511,9.45,1.97,37,55.7,95

2025-07-20T04:33:34.008Z,512,9.68,1.92,39.6,58.2,95

2025-07-20T04:33:37.020Z,513,10.24,2.09,47.1,53.8,95

2025-07-20T04:33:40.019Z,514,9.06,1.99,31.2,56.7,95

2025-07-20T04:33:43.025Z,515,9.24,1.96,35.5,57.3,95

2025-07-20T04:33:46.032Z,516,10.23,2.08,48.6,56.8,95

2025-07-20T04:33:49.035Z,517,10.27,1.89,36.3,55.8,95

2025-07-20T04:33:52.036Z,518,10.3,2.07,32.2,55,95

2025-07-20T04:33:55.038Z,519,9.16,1.81,44.8,52.9,95

2025-07-20T04:33:58.038Z,520,9.64,1.81,44.9,55.2,95

2025-07-20T04:34:01.042Z,521,9.84,1.8,40.2,53,95

2025-07-20T04:34:04.040Z,522,10.2,2.01,33.6,53.8,95

2025-07-20T04:34:07.045Z,523,9.8,1.86,45.2,52.4,95

2025-07-20T04:34:10.044Z,524,10.08,2.05,30.7,54.7,95

2025-07-20T04:34:13.045Z,525,10.26,2.01,33.6,51.7,95

2025-07-20T04:34:16.051Z,526,8.99,2.03,40.4,52.7,95

2025-07-20T04:34:19.071Z,527,10.19,1.9,39.6,52.8,95

2025-07-20T04:34:22.051Z,528,9.41,1.82,31.4,55.2,95

2025-07-20T04:34:25.147Z,529,9.48,1.89,35.9,54.9,95

2025-07-20T04:34:28.082Z,530,9.78,1.77,38.7,52.9,95

2025-07-20T04:34:31.084Z,531,9.69,1.95,42.8,53,95

2025-07-20T04:34:34.093Z,532,9.95,2.06,45.8,54,95

2025-07-20T04:34:37.126Z,533,9.32,2.05,37.2,50.3,95

2025-07-20T04:34:40.226Z,534,9.91,1.85,30.8,51.6,95

2025-07-20T04:34:43.141Z,535,9.87,1.84,37.2,50,95

2025-07-20T04:34:46.142Z,536,9.69,1.93,41,50.8,95

2025-07-20T04:34:49.143Z,537,8.95,1.76,46.4,49.9,95

2025-07-20T04:34:52.271Z,538,10.36,1.94,43.6,51.1,95

2025-07-20T04:34:55.241Z,539,9.3,2.09,39.7,52.2,95

2025-07-20T04:34:58.180Z,540,13.25,41.34,49.8,1011.8,1

2025-07-20T04:35:01.186Z,541,12.67,38.17,33.2,977.4,6

2025-07-20T04:35:04.220Z,542,12.66,31.12,37.2,920,13

2025-07-20T04:35:07.198Z,543,12.66,32.48,40.2,776.5,20

2025-07-20T04:35:10.198Z,544,11.85,30.92,49.6,774.4,22

2025-07-20T04:35:13.212Z,545,12.99,31.19,31.9,770.2,25

2025-07-20T04:35:16.228Z,546,12.75,28.51,47.1,753.3,27

2025-07-20T04:35:19.212Z,547,12.98,28.22,40.3,702.6,29

2025-07-20T04:35:22.192Z,548,11.9,27.46,49,694.1,31

2025-07-20T04:35:25.220Z,549,12.41,24.21,42.4,594.8,38

2025-07-20T04:35:28.240Z,550,11.98,21.2,32.3,553.2,45

2025-07-20T04:35:31.232Z,551,12,18.84,33,469.6,52

2025-07-20T04:35:34.241Z,552,12.97,18.57,49.9,449.7,54

2025-07-20T04:35:37.285Z,553,12.77,14.41,49.5,363.7,61

2025-07-20T04:35:40.227Z,554,11.41,13.86,38.6,348.3,63

2025-07-20T04:35:43.252Z,555,11.46,11.08,46.9,289.8,70

2025-07-20T04:35:46.256Z,556,11.38,8.67,37.4,216.8,77

2025-07-20T04:35:49.269Z,557,10.3,7.75,44.8,198,80

2025-07-20T04:35:52.279Z,558,11.46,6.04,39.5,155.7,83

2025-07-20T04:35:55.342Z,559,11.23,5.67,42.8,137.9,85

2025-07-20T04:35:58.254Z,560,11.04,5.48,39.9,118.3,87

2025-07-20T04:36:01.254Z,561,10.24,2.93,34.1,76.4,92

2025-07-20T04:36:04.262Z,562,10.28,2.07,41.7,45.5,95

2025-07-20T04:36:07.268Z,563,9.83,1.89,30.4,45.6,95

2025-07-20T04:36:10.277Z,564,9.11,1.86,43.8,46.8,95

2025-07-20T04:36:13.274Z,565,9.07,1.78,33.4,45.8,95

2025-07-20T04:36:16.289Z,566,9.43,1.82,46.1,49.2,95

2025-07-20T04:36:19.275Z,567,10.3,2.05,41.8,45.2,95

2025-07-20T04:36:22.276Z,568,9.91,1.88,41.1,48.6,95

2025-07-20T04:36:25.403Z,569,9.82,2,48.1,45.5,95

2025-07-20T04:36:28.283Z,570,9.24,2.01,32.1,46,95

2025-07-20T04:36:31.283Z,571,9.83,2.02,40.6,47.7,95

2025-07-20T04:36:34.290Z,572,9.02,2.03,46.4,45.3,95

2025-07-20T04:36:37.301Z,573,10.07,1.96,48.9,44.8,95

2025-07-20T04:36:40.304Z,574,9.46,2.06,49.7,44.7,95

2025-07-20T04:36:43.305Z,575,10.32,1.81,47.3,46.3,95

2025-07-20T04:36:46.400Z,576,10.18,1.76,40.2,45.6,95

2025-07-20T04:36:49.312Z,577,10,1.9,35.8,43.6,95

2025-07-20T04:36:52.316Z,578,9.7,1.92,46.2,44.8,95

2025-07-20T04:36:55.368Z,579,9.12,1.93,30.1,45.7,95

2025-07-20T04:36:58.339Z,580,10.24,2.06,40.6,46.7,95

2025-07-20T04:37:01.355Z,581,10.08,2.07,35.2,44.2,95

2025-07-20T04:37:04.361Z,582,10.35,1.81,45.8,43.8,95

2025-07-20T04:37:07.374Z,583,9.79,1.9,32.3,43.8,95

2025-07-20T04:37:10.330Z,584,9.72,2.06,47.1,43.2,95

2025-07-20T04:37:13.337Z,585,10.38,2.06,44.7,43.7,95

2025-07-20T04:37:16.340Z,586,9.9,1.79,39.8,44.4,95

2025-07-20T04:37:19.344Z,587,9.25,1.87,44.4,45.7,95

2025-07-20T04:37:22.428Z,588,9.05,2.02,34.2,43.8,95

2025-07-20T04:37:25.339Z,589,10.32,1.79,33.5,43.4,95

2025-07-20T04:37:28.344Z,590,9.47,1.78,44.5,42,95

2025-07-20T04:37:31.344Z,591,10.19,1.88,46.3,42.9,95

2025-07-20T04:37:34.353Z,592,9.54,1.86,46.5,42,95

2025-07-20T04:37:37.428Z,593,8.99,2.04,30.2,42.5,95

2025-07-20T04:37:40.409Z,594,9.27,1.91,40.6,42.4,95

2025-07-20T04:37:43.384Z,595,9.67,1.75,47.1,44.4,95

2025-07-20T04:37:46.415Z,596,9.41,1.85,42,43,95

2025-07-20T04:37:49.412Z,597,10.37,1.99,47,40.7,95

2025-07-20T04:37:52.526Z,598,10.33,1.89,37.1,43.8,95

2025-07-20T04:37:55.382Z,599,10.25,1.9,32.2,41.1,95

2025-07-20T04:37:58.383Z,600,8.94,1.84,45.4,43,95

2025-07-20T04:38:01.393Z,601,9.49,1.97,34.9,42.8,95

2025-07-20T04:38:04.395Z,602,10.18,1.95,32.5,41.7,95

2025-07-20T04:38:07.393Z,603,9.39,1.95,37.3,44,95

2025-07-20T04:38:10.394Z,604,10.07,1.91,40.4,42.6,95

2025-07-20T04:38:13.405Z,605,9.65,1.98,32.5,41.8,95

2025-07-20T04:38:16.404Z,606,9.39,1.84,44.5,39.5,95

2025-07-20T04:38:19.402Z,607,9.6,2,45.1,41.5,95

2025-07-20T04:38:22.409Z,608,9.59,2.02,33.5,41.5,95

2025-07-20T04:38:34.448Z,612,9.04,1.92,43.4,39.2,95

2025-07-20T04:38:37.433Z,613,10.4,1.82,30.3,42.5,95

2025-07-20T04:38:40.434Z,614,10.25,1.78,40.1,42.7,95

2025-07-20T04:39:02.769Z,1,13.86,35.73,31.9,948.2,4

2025-07-20T04:39:05.632Z,2,12.47,32.46,48.1,958,9

2025-07-20T04:39:08.634Z,3,13.49,31.33,48.9,918.7,11

2025-07-20T04:39:11.634Z,4,12.75,32.94,41.2,914.7,14

2025-07-20T04:39:14.634Z,5,12.99,30.42,46.2,848.2,19

2025-07-20T04:39:17.737Z,6,12.82,31.67,41.5,795.7,24

2025-07-20T04:39:20.743Z,7,13.28,26.24,37.1,693,31

2025-07-20T04:39:23.652Z,8,12.78,25.82,46.1,655.8,33

2025-07-20T04:39:26.649Z,9,12,23.61,38,696.6,35

2025-07-20T04:39:29.658Z,10,12.6,23.1,43.9,586.7,42

2025-07-20T04:39:32.666Z,11,11.44,18.53,42,547.8,49

2025-07-20T04:39:36.283Z,12,12.16,16.36,49.5,468.8,56

2025-07-20T04:39:38.685Z,13,12.25,14.23,32.3,380.7,63

2025-07-20T04:39:41.695Z,14,11.07,13.65,47.1,377.7,65

2025-07-20T04:39:44.685Z,15,11.05,10.81,33.1,286,72

2025-07-20T04:39:47.709Z,16,10.76,8.76,35.9,231.4,79

2025-07-20T04:39:50.707Z,17,10.3,6.7,44.3,167.2,84

2025-07-20T04:39:53.725Z,18,10.51,3.23,48.6,97.4,91

2025-07-20T04:39:56.851Z,19,9.02,2.41,35.4,62.2,94

2025-07-20T04:39:59.756Z,20,9.76,1.75,44.4,54.6,95

2025-07-20T04:40:02.721Z,21,10.15,1.93,36.3,55.4,95

2025-07-20T04:40:05.738Z,22,9.11,1.82,32.5,54.5,95

2025-07-20T04:40:08.741Z,23,9.43,2.03,36.7,53.1,95

2025-07-20T04:40:11.693Z,24,10.04,2.04,41.7,53.8,95

2025-07-20T04:40:14.698Z,25,9.85,2.06,40,53,95

2025-07-20T04:40:17.717Z,26,9.59,2.12,40.2,54.2,95

2025-07-20T04:40:20.711Z,27,10.06,2.07,48.2,55.4,95

2025-07-20T04:40:23.726Z,28,9.89,2.09,45.9,57,95

2025-07-20T04:40:26.728Z,29,9.8,1.88,41.9,55.6,95

2025-07-20T04:40:29.728Z,30,10.17,2.07,49.7,52.9,95

2025-07-20T04:40:32.729Z,31,9.15,2,36.2,53.3,95

2025-07-20T04:40:35.734Z,32,9.36,1.95,47.4,56,95

2025-07-20T04:40:40.148Z,33,9.35,1.94,38.5,56.8,95

2025-07-20T04:40:41.835Z,34,9.24,1.81,40,57.3,95

2025-07-20T04:40:44.754Z,35,10.08,1.8,48.9,56.8,95

2025-07-20T04:40:47.772Z,36,9.73,1.82,47.1,55.7,95

2025-07-20T04:40:50.770Z,37,9.38,1.98,31,56,95

2025-07-20T04:40:53.783Z,38,9.5,2.01,49.1,55.2,95

2025-07-20T04:40:56.777Z,39,10.22,1.99,40.1,54.7,95

2025-07-20T04:40:59.782Z,40,9.68,1.77,41.4,55.9,95

2025-07-20T04:41:02.789Z,41,9.8,1.95,36.3,57.1,95

2025-07-20T04:41:05.793Z,42,9.07,1.85,44.1,55.1,95

2025-07-20T04:41:08.798Z,43,9.16,1.84,31.6,55.2,95

2025-07-20T04:41:11.805Z,44,9.9,2.06,41.2,57,95

2025-07-20T04:41:14.868Z,45,9.79,1.96,43.6,56.8,95

2025-07-20T04:41:17.801Z,46,9.54,1.94,40.7,57.8,95

2025-07-20T04:41:20.856Z,47,8.93,1.9,39.5,59.3,95

2025-07-20T04:41:23.814Z,48,9.72,2.02,36.9,56.3,95

2025-07-20T04:41:26.815Z,49,9.66,1.98,47.1,56.8,95

2025-07-20T04:41:29.851Z,50,9.3,2,40.5,58.5,95

2025-07-20T04:41:32.930Z,51,9.68,1.86,45.5,59.7,95

2025-07-20T04:41:35.830Z,52,9.19,2.03,44.4,56.1,95

2025-07-20T04:41:38.852Z,53,10.15,1.97,46.1,59.9,95

2025-07-20T04:41:41.912Z,54,10.21,1.97,32.4,57.5,95

2025-07-20T04:41:44.861Z,55,9.6,1.84,31.3,60.1,95

2025-07-20T04:41:47.896Z,56,10.22,2.04,37,60,95

2025-07-20T04:41:50.845Z,57,8.96,1.97,47.5,57.2,95

2025-07-20T04:41:53.830Z,58,9.23,1.87,36.3,56.9,95

2025-07-20T04:41:56.841Z,59,9.12,2.07,44.4,56.9,95

2025-07-20T04:41:59.836Z,60,9.96,1.79,42.9,59.2,95

2025-07-20T04:42:02.838Z,61,9.37,2.07,43.8,59.6,95

2025-07-20T04:42:05.843Z,62,9,2.01,37.4,56.8,95

2025-07-20T04:42:08.846Z,63,9.62,1.83,35.9,57.2,95

2025-07-20T04:42:11.877Z,64,9.41,2.02,35.5,60.4,95

2025-07-20T04:42:14.892Z,65,9.65,1.83,43.9,57.5,95

2025-07-20T04:42:17.894Z,66,10.12,1.99,41.3,57.5,95

2025-07-20T04:42:20.892Z,67,9.58,1.77,41,57.3,95

2025-07-20T04:42:23.912Z,68,9.67,1.86,44.8,61,95

2025-07-20T04:42:29.906Z,70,9.93,2.08,48.1,58.9,95

2025-07-20T04:42:32.903Z,71,8.95,1.82,42.6,59.2,95

2025-07-20T04:42:35.974Z,72,9.43,1.93,39.3,60.7,95

2025-07-20T04:42:38.908Z,73,9.65,2.02,37.1,61.4,95

2025-07-20T04:42:41.908Z,74,8.92,1.82,34,59.7,95

2025-07-20T04:42:44.909Z,75,9.2,2,48.8,58,95

2025-07-20T04:42:47.913Z,76,9.62,1.94,49.8,58.5,95

2025-07-20T04:42:50.913Z,77,9.39,1.75,39.2,58.3,95

2025-07-20T04:42:53.915Z,78,9.26,1.84,47.3,59.3,95

2025-07-20T04:42:56.917Z,79,9.63,2.01,48.9,58.1,95

2025-07-20T04:42:59.943Z,80,9.34,2.05,43.2,59.3,95

2025-07-20T04:43:02.969Z,81,9.68,2.02,41.2,58.1,95

2025-07-20T04:43:05.979Z,82,10.38,1.87,49.7,58.8,95

2025-07-20T04:43:08.993Z,83,9.46,1.76,33.6,57.9,95

2025-07-20T04:43:11.979Z,84,9.72,2.09,40.6,60.1,95

2025-07-20T04:43:14.929Z,85,9.82,2.03,39.4,60.1,95

2025-07-20T04:43:17.933Z,86,9.4,1.82,32.6,59.5,95

2025-07-20T04:43:20.931Z,87,9.07,2.05,39.3,61.8,95

2025-07-20T04:43:23.933Z,88,10.18,1.99,32.1,61.7,95

2025-07-20T04:43:26.935Z,89,9.39,1.81,43.1,57.7,95

2025-07-20T04:43:29.937Z,90,10.26,2.07,42.4,60.7,95

2025-07-20T04:43:32.988Z,91,9.17,1.91,38.8,60.1,95

2025-07-20T04:43:35.940Z,92,9.87,1.91,35.7,60.8,95

2025-07-20T04:43:40.359Z,93,9.22,1.9,44.2,58.4,95

2025-07-20T04:43:43.217Z,94,10.28,2.03,45.2,61.8,95

2025-07-20T04:43:45.019Z,95,9.25,1.82,46.2,58.6,95

2025-07-20T04:43:47.954Z,96,9.06,2.01,45.9,58.5,95

2025-07-20T04:43:50.961Z,97,9.77,1.85,48.3,61.5,95

2025-07-20T04:43:53.966Z,98,9.86,1.9,39.8,58.7,95

2025-07-20T04:43:56.979Z,99,9.1,1.9,47.3,57.6,95

2025-07-20T04:43:59.969Z,100,9.35,2.01,34.4,60.6,95

2025-07-20T04:44:02.979Z,101,9.8,1.81,41.9,61.6,95

2025-07-20T04:44:05.980Z,102,9.99,2.06,39.7,60.4,95

2025-07-20T04:44:08.984Z,103,9.01,2.09,42.9,59.8,95

2025-07-20T04:44:11.991Z,104,10.39,1.92,31.7,58.8,95

2025-07-20T04:44:14.992Z,105,9.69,1.76,43.9,59.7,95

2025-07-20T04:44:17.990Z,106,9.14,1.97,45.4,59.3,95

2025-07-20T04:44:20.991Z,107,8.86,1.78,32.8,60.1,95

2025-07-20T04:44:24.000Z,108,9.94,1.87,45.4,58.2,95

2025-07-20T04:44:26.995Z,109,10.07,2.01,31.8,58.1,95

2025-07-20T04:44:29.997Z,110,9.53,2.1,36.2,59,95

2025-07-20T04:44:33.153Z,111,9.5,1.84,32.6,57.8,95

2025-07-20T04:44:36.061Z,112,10.27,2.09,42.4,59.4,95

2025-07-20T04:44:39.079Z,113,9.03,2.05,33,57.9,95

2025-07-20T04:44:42.062Z,114,9.26,1.94,34,59,95

2025-07-20T04:44:45.039Z,115,9.81,1.8,38.5,58.4,95

2025-07-20T04:44:48.055Z,116,9.21,1.98,48.8,60.2,95

2025-07-20T04:44:51.089Z,117,9.15,1.89,33.7,59.4,95

2025-07-20T04:44:54.068Z,118,9.36,1.75,44.3,58.9,95

2025-07-20T04:44:57.087Z,119,9.91,2.06,42.1,59.1,95

2025-07-20T04:45:00.150Z,120,8.98,1.85,40.5,56.6,95

2025-07-20T04:45:03.054Z,121,9.16,1.77,49.4,57.9,95

2025-07-20T04:45:06.051Z,122,10.12,1.77,44.9,58.3,95

2025-07-20T04:45:12.047Z,124,10.15,1.85,33,58,95

2025-07-20T04:45:15.054Z,125,10.1,1.78,42,58.2,95

2025-07-20T04:45:18.063Z,126,10.11,1.9,41.7,56.3,95

2025-07-20T04:45:21.061Z,127,9.6,2.02,31.4,58.3,95

2025-07-20T04:45:24.062Z,128,10.15,1.79,48.8,57.5,95

2025-07-20T04:45:27.068Z,129,8.96,2.02,43.1,60.2,95

2025-07-20T04:45:30.072Z,130,9.29,2.05,43,56.8,95

2025-07-20T04:45:33.073Z,131,10.12,2.08,42.6,55.5,95

2025-07-20T04:45:36.124Z,132,9.66,1.77,48.8,57.3,95

2025-07-20T04:45:39.089Z,133,9.68,1.83,37.5,57.9,95

2025-07-20T04:45:42.094Z,134,10.01,2.06,32.3,57.7,95

2025-07-20T04:45:45.091Z,135,10.37,1.91,34.8,58.7,95

2025-07-20T04:45:48.098Z,136,10.32,1.95,41.1,56.3,95

2025-07-20T04:45:51.095Z,137,9.25,2,30.5,54.9,95

2025-07-20T04:45:54.108Z,138,8.89,1.9,47.9,57.1,95

2025-07-20T04:45:57.081Z,139,9.75,1.88,48.3,56,95

2025-07-20T04:46:00.086Z,140,9.4,1.78,45.5,56,95

2025-07-20T04:46:03.110Z,141,9.74,1.92,37.4,56.2,95

2025-07-20T04:46:06.087Z,142,9.9,1.87,42.4,56.2,95

2025-07-20T04:46:09.093Z,143,9.62,1.99,45.5,56.2,95

2025-07-20T04:46:12.099Z,144,9.02,1.88,48.3,56,95

2025-07-20T04:46:15.101Z,145,9.99,1.9,49.9,55.1,95

2025-07-20T04:46:18.104Z,146,10.08,1.97,38.8,58.3,95

2025-07-20T04:46:21.099Z,147,9.41,2.03,49.5,57.4,95

2025-07-20T04:46:24.138Z,148,9.14,2.1,35.2,57.2,95

2025-07-20T04:46:27.133Z,149,10.04,1.92,48.4,56,95

2025-07-20T04:46:30.244Z,150,9.15,2.02,36.8,55.7,95

2025-07-20T04:46:33.176Z,151,10.03,1.99,44.2,57.6,95

2025-07-20T04:46:36.160Z,152,9.55,1.99,34.8,52.7,95

2025-07-20T04:46:40.157Z,153,10.27,1.89,36.5,53.7,95

2025-07-20T04:46:42.285Z,154,10.32,1.85,41.6,56.7,95

2025-07-20T04:46:45.138Z,155,9.39,1.78,43.7,54.4,95

2025-07-20T04:46:48.156Z,156,10.29,1.82,41,56.5,95

2025-07-20T04:46:51.146Z,157,8.99,1.9,44.6,52.3,95

2025-07-20T04:46:54.148Z,158,10.19,2.08,33.4,56.3,95

2025-07-20T04:46:57.148Z,159,9.75,2.09,46,54.5,95

2025-07-20T04:47:00.151Z,160,9.19,1.94,31.3,55,95

2025-07-20T04:47:03.164Z,161,9.54,1.87,48.6,52.8,95

2025-07-20T04:47:06.164Z,162,9.9,1.8,36.4,51.3,95

2025-07-20T04:47:09.177Z,163,9.4,1.79,39.7,51.7,95

2025-07-20T04:47:12.187Z,164,9.12,1.96,46.6,54.5,95

2025-07-20T04:47:15.196Z,165,9.1,1.78,45,52.7,95

2025-07-20T04:47:18.343Z,166,9.63,2.08,39.4,52.3,95

2025-07-20T04:47:21.202Z,167,10.3,1.88,37.2,53.8,95

2025-07-20T04:47:24.193Z,168,9.39,1.87,33.1,50.2,95

2025-07-20T04:47:27.199Z,169,9.3,2.06,34.4,53.3,95

2025-07-20T04:47:30.222Z,170,9.8,2.01,49.1,52.7,95

2025-07-20T04:47:33.237Z,171,9.77,1.77,45.1,51.2,95

2025-07-20T04:47:36.265Z,172,9.89,1.81,39.1,52.3,95

2025-07-20T04:47:39.500Z,173,10.16,2.04,49.6,52.8,95

2025-07-20T04:47:42.337Z,174,9.5,1.97,31.2,53.6,95

2025-07-20T04:47:45.278Z,175,9.97,1.95,32.1,52.7,95

2025-07-20T04:47:48.299Z,176,9.71,1.91,42.1,50.9,95

2025-07-20T04:47:51.299Z,177,10.33,1.97,32.9,48.7,95

2025-07-20T04:47:54.320Z,178,9.26,2.09,38,52.5,95

2025-07-20T04:47:57.322Z,179,9.92,1.79,32.8,49.1,95

2025-07-20T04:48:00.324Z,180,13.59,40.78,47.7,1011.7,1

2025-07-20T04:48:03.339Z,181,13.13,38.92,30.8,928.4,8

2025-07-20T04:48:06.341Z,182,12.18,34.61,42.8,839.7,13

2025-07-20T04:48:09.303Z,183,11.89,32.31,36.2,783.5,18

2025-07-20T04:48:12.432Z,184,12.66,30.5,35.5,777,25

2025-07-20T04:48:15.307Z,185,12.44,26.24,38.7,757,27

2025-07-20T04:48:18.318Z,186,13.34,27.5,32,623.8,34

2025-07-20T04:48:21.320Z,187,12.32,23.74,30.4,631,37

2025-07-20T04:48:24.321Z,188,11.59,24.85,37,606.6,40

2025-07-20T04:48:27.509Z,189,12.29,20.65,37.8,535,47

2025-07-20T04:48:30.330Z,190,11.39,20.06,39,455,52

2025-07-20T04:48:33.333Z,191,12.25,16.98,30.2,430,55

2025-07-20T04:48:36.333Z,192,12.02,16.44,35.5,375.7,60

2025-07-20T04:48:39.370Z,193,12.07,15.9,48.4,363,62

2025-07-20T04:48:42.349Z,194,11.29,10.91,34.5,294.6,69

2025-07-20T04:48:45.365Z,195,10.4,9.99,43.9,223.6,76

2025-07-20T04:48:48.357Z,196,11.65,6.18,38.7,163,83

2025-07-20T04:48:51.348Z,197,11.55,5.22,43.4,127.9,86

2025-07-20T04:48:54.354Z,198,10.14,3.26,47.4,82,91

2025-07-20T04:48:57.352Z,199,9.49,1.88,41.2,45.5,95

2025-07-20T04:49:00.356Z,200,10.28,2.04,47.1,48.1,95

2025-07-20T04:49:03.420Z,201,9.11,1.99,47.6,47.4,95

2025-07-20T04:49:06.363Z,202,9.41,1.9,44.6,46.3,95

2025-07-20T04:49:09.364Z,203,10.22,1.85,36.2,48,95

2025-07-20T04:49:12.367Z,204,9.29,2.05,43.5,47.9,95

2025-07-20T04:49:15.411Z,205,9.5,2.03,41.8,44.2,95

2025-07-20T04:49:18.375Z,206,10.14,1.8,35.2,48,95

2025-07-20T04:49:21.406Z,207,9.57,2.05,41.8,44.3,95

2025-07-20T04:49:24.416Z,208,8.91,2.08,42.1,47.8,95

2025-07-20T04:49:27.411Z,209,9.93,1.89,44.3,46.7,95

2025-07-20T04:49:30.414Z,210,10.11,1.97,46.5,44.8,95

2025-07-20T04:49:33.578Z,211,10,1.8,32.9,45.4,95

2025-07-20T04:49:36.422Z,212,9.17,1.84,43.8,47.1,95

2025-07-20T04:49:40.168Z,213,9.69,1.9,43.3,43.9,95

2025-07-20T04:49:42.419Z,214,9.11,1.94,45.9,46.1,95

2025-07-20T04:49:45.423Z,215,9.46,1.77,31.6,46.5,95

2025-07-20T04:49:48.450Z,216,9.47,2.07,39.6,42.4,95

2025-07-20T04:49:51.444Z,217,10.22,1.94,36.3,45.6,95

2025-07-20T04:49:54.447Z,218,9.17,1.81,35.2,45.4,95

2025-07-20T04:49:57.595Z,219,9.06,1.76,34.2,44.7,95

2025-07-20T04:50:00.444Z,220,9.7,1.79,41.7,45.3,95

2025-07-20T04:50:03.525Z,221,9.76,1.94,43.7,43.4,95

2025-07-20T04:50:06.448Z,222,9.16,1.91,46.4,45,95

2025-07-20T04:50:09.482Z,223,9.49,1.98,45,43.5,95

2025-07-20T04:50:12.462Z,224,9.02,1.96,36.8,43.2,95

2025-07-20T04:50:15.455Z,225,9.96,1.95,47.8,44.8,95

2025-07-20T04:50:18.549Z,226,9.06,2.1,32.5,42.1,95

2025-07-20T04:50:21.452Z,227,9.92,2.05,39.3,45.1,95

2025-07-20T04:50:24.463Z,228,9.06,1.81,47.1,41.9,95

2025-07-20T04:50:27.463Z,229,9.46,2.08,34.5,40.6,95

2025-07-20T04:50:30.463Z,230,9.15,2.1,44.7,44.9,95

2025-07-20T04:50:33.477Z,231,9.66,1.88,37.9,42.5,95

2025-07-20T04:50:38.382Z,232,9.25,2,36.5,41,95

2025-07-20T04:50:39.604Z,233,8.98,1.96,42.3,40.2,95

2025-07-20T04:50:42.500Z,234,10.2,1.94,39.8,40.2,95

2025-07-20T04:50:45.516Z,235,10.26,1.88,42.4,39.7,95

2025-07-20T04:50:48.531Z,236,9.2,1.98,36.2,41.3,95

2025-07-20T04:50:51.526Z,237,8.9,1.74,34.3,43.7,95

2025-07-20T04:50:54.559Z,238,10.24,1.97,39.2,43.7,95

2025-07-20T04:50:57.550Z,239,10.33,2.09,41.1,40.6,95

2025-07-20T04:51:00.556Z,240,9.59,2.04,31.8,40.2,95

2025-07-20T04:51:03.570Z,241,9.49,1.98,31.6,40.6,95

2025-07-20T04:51:06.540Z,242,9.13,1.9,35.4,43,95

2025-07-20T04:51:09.712Z,243,9.87,1.93,31.3,40.1,95

2025-07-20T04:51:12.540Z,244,9.94,1.99,36,42.3,95

2025-07-20T04:51:15.541Z,245,9.05,1.79,31.8,42,95

2025-07-20T04:51:18.542Z,246,8.98,1.83,48.8,42,95

2025-07-20T04:51:21.543Z,247,9.74,2,31.7,40.4,95

2025-07-20T04:51:24.549Z,248,9.67,2.06,42.6,40.9,95

2025-07-20T04:51:27.555Z,249,9.13,1.78,42,38.9,95

2025-07-20T04:51:30.549Z,250,9.37,1.85,32.8,43.3,95

2025-07-20T04:51:33.548Z,251,9.65,1.94,48.9,39.7,95

2025-07-20T04:51:36.709Z,252,10.29,2.05,35.7,38.8,95

2025-07-20T04:51:39.552Z,253,10.39,1.89,35.7,40.9,95

2025-07-20T04:51:42.561Z,254,10.24,1.93,42.7,40.4,95

2025-07-20T04:51:45.575Z,255,9.06,2.06,36.7,42.3,95

2025-07-20T04:51:48.588Z,256,9.27,1.99,45.6,42.3,95

2025-07-20T04:51:51.586Z,257,9.26,1.78,48.6,39.5,95

2025-07-20T04:51:54.580Z,258,8.89,1.9,37.6,38.9,95

2025-07-20T04:51:57.623Z,259,9.51,1.87,46.4,38.4,95

2025-07-20T04:52:00.587Z,260,10.23,2.1,35.7,42.2,95

2025-07-20T04:52:03.618Z,261,9.05,1.89,41.5,41,95

2025-07-20T04:52:06.610Z,262,9.12,1.87,35.6,41.2,95

2025-07-20T04:52:09.633Z,263,9.88,1.87,30.7,39.1,95

2025-07-20T04:52:12.657Z,264,8.95,2.01,34,39.2,95

2025-07-20T04:52:15.588Z,265,9.74,2,33.8,40.8,95

2025-07-20T04:52:18.596Z,266,9.35,1.8,49.8,40.5,95

2025-07-20T04:52:21.607Z,267,9.64,1.79,31.2,38.8,95

2025-07-20T04:52:24.614Z,268,9.47,1.82,33.9,39.4,95

2025-07-20T04:52:27.614Z,269,9.19,1.84,33.4,41.5,95

2025-07-20T04:52:30.620Z,270,9.23,2.06,47.3,40.1,95

2025-07-20T04:52:33.629Z,271,9.7,1.9,31.6,42,95

2025-07-20T04:52:36.635Z,272,9.89,1.84,31.2,42.1,95

2025-07-20T04:52:40.330Z,273,8.94,2.05,33,39.5,95

2025-07-20T04:52:42.654Z,274,9.83,2.01,38.7,38.3,95

2025-07-20T04:52:45.669Z,275,9.16,1.91,30.6,41.4,95

2025-07-20T04:52:48.694Z,276,8.95,1.94,45.6,37.6,95

2025-07-20T04:52:51.665Z,277,9,1.9,34.9,37.6,95

2025-07-20T04:52:54.723Z,278,9.83,1.95,42.4,40,95

2025-07-20T04:52:57.741Z,279,9.69,1.81,46.9,40.9,95

2025-07-20T04:53:00.713Z,280,9.62,2.03,48.5,41.2,95

2025-07-20T04:53:06.739Z,282,8.92,2.02,49,41.8,95

2025-07-20T04:53:09.691Z,283,9.85,1.86,36.5,38.1,95

2025-07-20T04:53:12.696Z,284,9.98,1.82,48.6,38,95

2025-07-20T04:53:15.696Z,285,10.21,1.82,43.1,40.8,95

2025-07-20T04:53:18.710Z,286,9.9,1.75,43.2,39.7,95

2025-07-20T04:53:21.701Z,287,9.49,2.04,37.1,38.3,95

2025-07-20T04:53:24.700Z,288,9.76,2.05,47.5,39.8,95

2025-07-20T04:53:27.709Z,289,10.17,1.91,49.9,42.3,95

2025-07-20T04:53:30.714Z,290,9.94,1.81,41.7,41.7,95

2025-07-20T04:53:33.713Z,291,8.95,1.88,31.2,38.3,95

2025-07-20T04:53:36.716Z,292,9.87,1.96,49.9,38.9,95

2025-07-20T04:53:39.723Z,293,9.96,2.09,44.2,38.1,95

2025-07-20T04:53:42.724Z,294,10.11,2.1,38.3,39.8,95

2025-07-20T04:53:45.753Z,295,10.21,1.94,45.5,42,95

2025-07-20T04:53:48.733Z,296,9.97,2.1,39.7,38.7,95

2025-07-20T04:53:51.742Z,297,8.92,2,49,39.9,95

2025-07-20T04:53:54.756Z,298,9.24,1.98,38.4,42,95

2025-07-20T04:53:57.741Z,299,10.14,1.82,43.5,39.8,95

2025-07-20T04:54:00.744Z,300,9.42,1.82,39.8,39.2,95

2025-07-20T04:54:03.757Z,301,9.42,1.76,42.2,39.7,95

2025-07-20T04:54:06.763Z,302,9.52,1.95,44.1,42.9,95

2025-07-20T04:54:09.769Z,303,10.06,1.79,46.6,40.2,95

2025-07-20T04:54:12.771Z,304,9.3,2.04,40.3,42.4,95

2025-07-20T04:54:15.769Z,305,9.15,2.04,40.3,40.8,95

2025-07-20T04:54:18.771Z,306,9.36,1.88,33.9,39.4,95

2025-07-20T04:54:21.783Z,307,9.69,1.78,46.7,41.9,95

2025-07-20T04:54:27.800Z,309,10.08,2.06,47.7,40.5,95

2025-07-20T04:54:30.785Z,310,9.15,1.99,47.1,40.2,95

2025-07-20T04:54:33.795Z,311,9.01,1.93,42.6,44.2,95

2025-07-20T04:54:36.833Z,312,9.69,2.02,38.9,39.7,95

2025-07-20T04:54:39.834Z,313,9.65,1.77,36.4,41.1,95

2025-07-20T04:54:42.800Z,314,10.07,1.97,36.5,40.4,95

2025-07-20T04:54:45.805Z,315,9.9,1.97,42.6,44.3,95

2025-07-20T04:54:48.805Z,316,9.38,2.11,38.6,43.7,95

2025-07-20T04:54:51.807Z,317,9.99,1.75,35.3,43,95

2025-07-20T04:54:54.933Z,318,10.1,1.98,39.7,43.6,95

2025-07-20T04:54:57.849Z,319,9.83,1.93,46.7,42.9,95

2025-07-20T04:55:00.859Z,320,10.05,2,48.7,42.5,95

2025-07-20T04:55:03.841Z,321,10.41,1.94,49,45.6,95

2025-07-20T04:55:06.817Z,322,9.42,1.92,39.2,42.7,95

2025-07-20T04:55:09.832Z,323,10.33,1.97,39,45.9,95

2025-07-20T04:55:12.857Z,324,9.53,1.75,40.5,42.6,95

2025-07-20T04:55:15.893Z,325,9.28,1.82,38.5,41.6,95

2025-07-20T04:55:18.894Z,326,10.04,1.99,31.5,46,95

2025-07-20T04:55:22.404Z,327,9.58,2.03,49.1,44.4,95

2025-07-20T04:55:24.915Z,328,10.12,1.89,44.7,42.7,95

2025-07-20T04:55:27.844Z,329,9.6,1.93,37.7,45.9,95

2025-07-20T04:55:30.843Z,330,9.78,1.78,47.8,43.4,95

2025-07-20T04:55:33.867Z,331,9.39,1.99,33.7,44.2,95

2025-07-20T04:55:36.917Z,332,9.03,2.1,45.9,43.5,95

2025-07-20T04:55:40.431Z,333,9.8,2.04,32.1,44.7,95

2025-07-20T04:55:42.936Z,334,9.51,1.9,32.2,46,95

2025-07-20T04:55:45.945Z,335,9.58,1.95,44.6,44.4,95

2025-07-20T04:55:48.946Z,336,9.23,2.05,38.9,44.2,95

2025-07-20T04:55:51.945Z,337,9.86,2.07,41.4,47.7,95

2025-07-20T04:55:54.947Z,338,10.02,2.06,44.7,43.9,95

2025-07-20T04:55:57.950Z,339,9.28,1.99,35.6,47,95

2025-07-20T04:56:00.958Z,340,10.27,1.78,49.2,48.1,95

2025-07-20T04:56:03.969Z,341,9.12,1.79,41.4,46.7,95

2025-07-20T04:56:07.078Z,342,9.78,1.79,45.1,48.3,95

2025-07-20T04:56:09.971Z,343,9.29,2.05,40.4,45.8,95

2025-07-20T04:56:12.968Z,344,10.24,2.04,47,47.3,95

2025-07-20T04:56:15.977Z,345,9.47,1.83,31.7,47.5,95

2025-07-20T04:56:19.033Z,346,9.82,2.04,34.2,49.2,95

2025-07-20T04:56:21.974Z,347,10.17,2.05,37.9,46.5,95

2025-07-20T04:56:24.976Z,348,8.92,1.77,38.3,48.1,95

2025-07-20T04:56:28.032Z,349,10.31,1.78,45.7,49.2,95

2025-07-20T04:56:31.003Z,350,10.2,1.88,30.4,45.7,95

2025-07-20T04:56:33.983Z,351,9.18,1.77,42.7,47,95

2025-07-20T04:56:36.985Z,352,10.22,1.87,33.9,48.3,95

2025-07-20T04:56:39.984Z,353,9.07,1.75,41.4,48,95

2025-07-20T04:56:42.988Z,354,9.08,1.99,38,46.9,95

2025-07-20T04:56:46.011Z,355,9.79,1.81,46,50.6,95

2025-07-20T04:56:49.055Z,356,9.44,1.97,31.6,48.1,95

2025-07-20T04:56:52.053Z,357,9.86,2.06,40.7,50.9,95

2025-07-20T04:56:55.061Z,358,9.55,1.92,41.1,49.5,95

2025-07-20T04:56:58.058Z,359,9.94,1.84,42.8,50.6,95

2025-07-20T04:57:01.076Z,360,13.29,35.92,37.1,997.1,1

2025-07-20T04:57:04.086Z,361,12.03,36.45,31.7,982.4,4

2025-07-20T04:57:07.081Z,362,13.9,37.04,48,886.9,6

2025-07-20T04:57:10.087Z,363,12.34,34.16,44.5,852.8,11

2025-07-20T04:57:13.092Z,364,12.7,33.64,47.4,891.7,13

2025-07-20T04:57:16.095Z,365,13.08,33.07,31.5,851.4,16

2025-07-20T04:57:19.097Z,366,12.13,29.91,46.3,791,21

2025-07-20T04:57:22.096Z,367,12.97,31.3,43.1,799.7,24

2025-07-20T04:57:25.089Z,368,11.62,28.98,45.9,742.3,29

2025-07-20T04:57:28.097Z,369,12.07,27.71,37.6,730.8,31

2025-07-20T04:57:31.102Z,370,11.86,24.81,43.7,669.9,36

2025-07-20T04:57:34.102Z,371,12.06,23.68,48.7,596.9,39

2025-07-20T04:57:37.106Z,372,12.49,21.71,47.6,613.8,42

2025-07-20T04:57:40.104Z,373,12.7,20.64,39.2,532.3,47

2025-07-20T04:57:43.110Z,374,12.7,18.05,34.7,535.1,49

2025-07-20T04:57:46.137Z,375,12.56,18.93,40.8,482.5,52

2025-07-20T04:57:49.125Z,376,11.81,16.52,48.4,444.3,57

2025-07-20T04:57:52.131Z,377,12.51,14.16,41.6,370.5,64

2025-07-20T04:57:55.134Z,378,12.6,12.24,32.6,365.2,66

2025-07-20T04:57:58.135Z,379,11.33,11.45,34.5,314.1,71

2025-07-20T04:58:01.135Z,380,10.85,10.22,37.4,275.1,74

2025-07-20T04:58:04.143Z,381,11.48,8.43,46.8,253,76

2025-07-20T04:58:07.141Z,382,11.67,6.84,30.5,187.1,83

2025-07-20T04:58:10.144Z,383,10.41,3.76,34.7,102.4,90

2025-07-20T04:58:13.217Z,384,10.72,2.46,31.8,76.1,93

2025-07-20T04:58:16.147Z,385,9.34,1.87,41.5,52.2,95

2025-07-20T04:58:19.147Z,386,9.3,1.81,33.7,52.3,95

2025-07-20T04:58:22.158Z,387,9.47,1.85,47,54,95

2025-07-20T04:58:25.161Z,388,10.22,1.86,36.3,51.7,95

2025-07-20T04:58:28.171Z,389,9.51,1.86,40.3,55.5,95

2025-07-20T04:58:31.192Z,390,9.82,1.91,48.1,56.4,95

2025-07-20T04:58:34.188Z,391,8.92,1.79,38.9,56.6,95

2025-07-20T04:58:37.191Z,392,9.35,2.08,47.1,54.1,95

2025-07-20T04:58:40.585Z,393,8.93,1.88,45.9,54.5,95

2025-07-20T04:58:43.191Z,394,9.69,1.97,49.8,54.1,95

2025-07-20T04:58:46.239Z,395,9.17,2.1,47.1,53.7,95

2025-07-20T04:58:49.204Z,396,9.05,2.02,49.4,55.6,95

2025-07-20T04:58:52.205Z,397,9.47,1.89,48.5,57.4,95

2025-07-20T04:58:55.230Z,398,9.41,2.08,42.5,57.6,95

2025-07-20T04:58:58.221Z,399,10.34,1.91,43,57.3,95

2025-07-20T04:59:01.205Z,400,9.65,1.78,34.6,56.5,95

2025-07-20T04:59:04.211Z,401,9.04,1.83,40.7,54.8,95

2025-07-20T04:59:07.223Z,402,8.97,1.83,33.4,56.7,95

2025-07-20T04:59:10.224Z,403,9.89,2.08,34.1,58,95

2025-07-20T04:59:14.164Z,404,9.83,1.87,33.4,54.3,95

2025-07-20T04:59:16.228Z,405,9.26,1.95,40.5,56.6,95

2025-07-20T04:59:19.230Z,406,9.73,2.07,39.3,56,95

2025-07-20T04:59:22.231Z,407,9.12,1.78,32.1,55.2,95

2025-07-20T04:59:25.240Z,408,10.12,2.1,36.3,54.9,95

2025-07-20T04:59:28.248Z,409,9.14,1.92,42.8,58,95

2025-07-20T04:59:31.262Z,410,10,2.05,33.6,55.1,95

2025-07-20T04:59:34.690Z,411,10.19,1.75,36.6,57.6,95

2025-07-20T04:59:37.270Z,412,8.96,1.84,40.3,55.4,95

2025-07-20T04:59:40.364Z,413,8.97,1.92,48.6,56.3,95

2025-07-20T04:59:43.279Z,414,10.06,1.95,44,59.2,95

2025-07-20T04:59:46.286Z,415,9.38,1.86,33.7,55.3,95

2025-07-20T04:59:49.298Z,416,10.22,2.02,42.6,57.4,95

2025-07-20T04:59:52.302Z,417,9.09,1.87,41.3,57.3,95

2025-07-20T04:59:55.329Z,418,10.06,2.02,41.2,58.7,95

2025-07-20T04:59:58.359Z,419,9.23,1.86,48.2,56.9,95

2025-07-20T05:00:01.335Z,420,9.49,1.81,47.6,59.4,95

2025-07-20T05:00:04.389Z,421,8.95,1.75,41,56.1,95

2025-07-20T05:00:07.409Z,422,10.11,1.95,49.1,59.6,95

2025-07-20T05:00:10.375Z,423,9.11,1.95,30.7,57.2,95

2025-07-20T05:00:13.377Z,424,9.36,2.06,49.6,57,95

2025-07-20T05:00:16.319Z,425,9.39,2.04,45.8,60.3,95

2025-07-20T05:00:19.404Z,426,9.93,1.75,33.6,58.7,95

2025-07-20T05:00:22.353Z,427,9.63,1.98,48.6,59.4,95

2025-07-20T05:00:25.356Z,428,9.82,1.79,41.3,57.8,95

2025-07-20T05:00:28.634Z,429,9.34,1.83,32.4,60.3,95

2025-07-20T05:00:31.358Z,430,10.17,1.81,44,60.5,95

2025-07-20T05:00:34.346Z,431,9.5,1.86,37.1,58.3,95

2025-07-20T05:00:37.340Z,432,9.05,1.81,35.3,58.8,95

2025-07-20T05:00:40.356Z,433,9.3,1.93,40,61.3,95

2025-07-20T05:00:43.343Z,434,9.33,1.78,41.4,57.1,95

2025-07-20T05:00:46.349Z,435,10.11,1.88,34.2,60,95

2025-07-20T05:00:49.423Z,436,9.61,1.94,42.6,59.8,95

2025-07-20T05:00:52.592Z,437,9.53,2.06,34.6,59.6,95

2025-07-20T05:00:55.441Z,438,10.26,2.08,48.8,61.5,95

2025-07-20T05:00:58.417Z,439,9.41,2.07,43.9,60.9,95

2025-07-20T05:01:01.396Z,440,9.69,1.92,32,61.7,95

2025-07-20T05:01:04.424Z,441,8.93,1.93,34,61.4,95

2025-07-20T05:01:07.429Z,442,9.58,1.82,35.8,59.8,95

2025-07-20T05:01:10.370Z,443,9.6,1.95,40.2,60.7,95

2025-07-20T05:01:13.379Z,444,9.51,1.93,47.8,57.9,95

2025-07-20T05:01:16.368Z,445,9.34,2.02,44.8,58.7,95

2025-07-20T05:01:19.379Z,446,9.71,1.96,39.4,58.2,95

2025-07-20T05:01:22.376Z,447,9.48,1.94,45.9,60.8,95

2025-07-20T05:01:25.382Z,448,9.78,1.92,33.4,60.6,95

2025-07-20T05:01:28.436Z,449,9.1,2.06,43.2,61,95

2025-07-20T05:01:31.588Z,450,9.05,2.04,49.8,59.5,95

2025-07-20T05:01:34.597Z,451,9.33,1.9,41.9,60.1,95

2025-07-20T05:01:37.586Z,452,9.75,2.08,41.9,57.5,95

2025-07-20T05:01:40.629Z,453,9.77,1.83,33.9,61.4,95

2025-07-20T05:01:43.558Z,454,9.59,1.99,40.8,61.1,95

2025-07-20T05:01:46.547Z,455,9.31,2.05,49.7,61.2,95

2025-07-20T05:01:49.599Z,456,9.87,2.05,39.4,59.6,95

2025-07-20T05:01:52.740Z,457,10.07,2.03,44.6,60.3,95

2025-07-20T05:01:55.846Z,458,9.4,2.04,32.8,59.4,95

2025-07-20T05:01:58.573Z,459,10.21,2.09,44.9,59.2,95

2025-07-20T05:02:01.597Z,460,9.41,2.09,46.3,60.8,95

2025-07-20T05:02:04.603Z,461,9.53,1.86,31.8,59.1,95

2025-07-20T05:02:07.578Z,462,9.77,1.79,44.6,58.1,95

2025-07-20T05:02:10.585Z,463,9.57,1.82,48.6,60.3,95

2025-07-20T05:02:13.578Z,464,9,2.07,39.3,61.3,95

2025-07-20T05:02:16.637Z,465,9.54,1.89,40.6,57.9,95

2025-07-20T05:02:19.587Z,466,10.21,2.07,30.1,61.6,95

2025-07-20T05:02:22.590Z,467,10.12,1.9,38.3,60.5,95

2025-07-20T05:02:25.584Z,468,9.34,1.96,30.4,61.7,95

2025-07-20T05:02:28.670Z,469,9.41,1.94,34.5,60.8,95

2025-07-20T05:02:31.592Z,470,9.6,1.95,49.6,59.4,95

2025-07-20T05:02:34.610Z,471,9.36,1.92,35.8,60.5,95

2025-07-20T05:02:37.710Z,472,10.04,1.87,31.4,58.5,95

2025-07-20T05:02:40.665Z,473,9.75,1.8,47.7,59.4,95

2025-07-20T05:02:43.686Z,474,9.54,2.06,43.1,59.7,95

2025-07-20T05:02:46.657Z,475,9.65,1.92,36.1,57.3,95

2025-07-20T05:02:49.693Z,476,9.25,1.88,33.2,60.2,95

2025-07-20T05:02:52.625Z,477,9.65,1.87,45.4,57.8,95

2025-07-20T05:02:55.682Z,478,8.97,2.11,32.4,59.5,95

2025-07-20T05:02:58.723Z,479,10.04,2.07,39,61.1,95

2025-07-20T05:03:01.762Z,480,9.63,1.95,45.1,58.5,95

2025-07-20T05:03:04.622Z,481,9.64,2.06,47.7,59.3,95

2025-07-20T05:03:07.639Z,482,9.73,1.96,38,59.2,95

2025-07-20T05:03:10.629Z,483,10.24,1.85,47.8,59,95

2025-07-20T05:03:13.944Z,484,10.28,1.83,40.1,58.8,95

2025-07-20T05:03:16.636Z,485,9.74,1.85,44.1,58.2,95

2025-07-20T05:03:20.421Z,486,9.48,1.85,48.2,56.5,95

2025-07-20T05:03:22.640Z,487,9.64,2.09,47.4,59.7,95

2025-07-20T05:03:25.637Z,488,8.94,1.87,45.7,57.2,95

2025-07-20T05:03:28.671Z,489,8.86,2.03,47.6,59.7,95

2025-07-20T05:03:31.656Z,490,9.23,1.8,39.3,56.5,95

2025-07-20T05:03:34.654Z,491,9.13,2.04,49.1,56.1,95

2025-07-20T05:03:37.666Z,492,10.33,2.07,47.4,56.9,95

2025-07-20T05:03:40.666Z,493,9.01,1.83,44.5,57.7,95

2025-07-20T05:03:43.685Z,494,9.48,1.81,45.2,58.8,95

2025-07-20T05:03:46.720Z,495,10.08,2.04,36.1,56.9,95

2025-07-20T05:03:49.735Z,496,9.72,2.02,45.1,55.9,95

2025-07-20T05:03:52.726Z,497,10.19,2.1,36.8,59.6,95

2025-07-20T05:03:55.698Z,498,8.96,1.75,36.7,59.1,95

2025-07-20T05:03:58.697Z,499,9.72,1.99,30.6,55.5,95

2025-07-20T05:04:01.720Z,500,9.39,1.78,44,56.1,95

2025-07-20T05:04:04.682Z,501,9.38,1.75,48.9,58.2,95

2025-07-20T05:04:07.684Z,502,10.16,1.88,43.4,54.7,95

2025-07-20T05:04:10.685Z,503,9.9,2.03,32.3,56.6,95

2025-07-20T05:04:13.690Z,504,9.6,1.86,35,58.1,95

2025-07-20T05:04:16.690Z,505,10.13,1.81,49.8,55.3,95

2025-07-20T05:04:19.695Z,506,9.17,1.83,42.3,56,95

2025-07-20T05:04:22.705Z,507,10.18,1.95,35,56,95

2025-07-20T05:04:25.712Z,508,9.51,1.82,48.3,57.7,95

2025-07-20T05:04:28.746Z,509,9.05,1.91,34.5,57.8,95

2025-07-20T05:04:31.971Z,510,9.45,1.98,46,53.9,95

2025-07-20T05:04:34.862Z,511,10.18,2.06,40.9,58.2,95

2025-07-20T05:04:37.848Z,512,9.22,1.89,36.4,55.5,95

2025-07-20T05:04:41.056Z,513,9.62,1.92,35.5,57.9,95

2025-07-20T05:04:44.206Z,514,8.92,1.86,49.3,55.5,95

2025-07-20T05:04:47.221Z,515,10.08,1.77,37.1,53.6,95

2025-07-20T05:04:50.241Z,516,9.76,1.91,37.6,54.6,95

2025-07-20T05:04:53.265Z,517,10.28,1.77,30.1,56,95

2025-07-20T05:04:56.265Z,518,8.96,2.06,31.8,57.2,95

2025-07-20T05:04:59.264Z,519,9.36,1.91,49.8,52.9,95

2025-07-20T05:05:02.284Z,520,9.27,1.91,45.2,52.7,95

2025-07-20T05:05:05.528Z,521,10.21,1.8,33.3,54,95

2025-07-20T05:05:08.331Z,522,9.63,1.84,40.8,53.4,95

2025-07-20T05:05:11.262Z,523,10.29,1.76,43,53.1,95

2025-07-20T05:05:14.264Z,524,9.51,2.04,41.9,52.8,95

2025-07-20T05:05:17.286Z,525,10.2,1.98,44.1,52.3,95

2025-07-20T05:05:20.373Z,526,10.08,2,46.5,51.1,95

2025-07-20T05:05:24.348Z,527,9.27,1.82,32.2,55.4,95

2025-07-20T05:05:26.309Z,528,9.58,1.89,37.8,52,95

2025-07-20T05:05:29.253Z,529,9.93,1.82,37.1,55.5,95

2025-07-20T05:05:32.289Z,530,9.86,1.83,43,54,95

2025-07-20T05:05:35.393Z,531,9.79,1.77,36.2,54.7,95

2025-07-20T05:05:38.379Z,532,9.37,1.81,31,54.7,95

2025-07-20T05:05:41.370Z,533,9.43,2.02,32.9,51.4,95

2025-07-20T05:05:44.279Z,534,10.33,1.8,36.8,54,95

2025-07-20T05:05:47.272Z,535,9.46,2,46.2,52.2,95

2025-07-20T05:05:50.277Z,536,9.04,2.04,33.7,53.7,95

2025-07-20T05:05:53.289Z,537,10.19,1.86,34.8,51.8,95

2025-07-20T05:05:56.534Z,538,9.36,1.9,41.5,53.5,95

2025-07-20T05:05:59.313Z,539,8.96,1.97,35.9,52.5,95

2025-07-20T05:06:02.318Z,540,12.06,39.91,37.1,1006.4,1

2025-07-20T05:06:05.329Z,541,13.42,36.63,32.8,937.7,6

2025-07-20T05:06:08.330Z,542,12.51,37.15,32.8,904,11

2025-07-20T05:06:11.333Z,543,12.29,33.39,36.9,843.8,18

2025-07-20T05:06:14.370Z,544,11.98,29.85,49.3,815.3,20

2025-07-20T05:06:17.545Z,545,12.09,30.22,44.8,770.8,25

2025-07-20T05:06:20.480Z,546,11.79,26.32,41,686.9,32

2025-07-20T05:06:23.534Z,547,12.15,21.6,37.6,639.6,39

2025-07-20T05:06:26.583Z,548,12.12,24.27,37.3,573.9,42

2025-07-20T05:06:29.566Z,549,12.63,19.49,30.9,524.2,45

2025-07-20T05:06:32.608Z,550,11.22,18.27,45.9,519.6,48

2025-07-20T05:06:35.650Z,551,12.58,17.79,31.4,516.1,50

2025-07-20T05:06:38.656Z,552,12.73,16.64,40.1,440.6,53

2025-07-20T05:06:41.686Z,553,11.61,17.13,30.6,441.7,56

2025-07-20T05:06:44.672Z,554,11.61,15.31,33.7,395.7,61

2025-07-20T05:06:47.684Z,555,11.18,13.07,45.5,341.4,66

2025-07-20T05:06:51.248Z,556,11.08,11.36,48.3,302.3,69

2025-07-20T05:06:53.826Z,557,12.16,10.42,33.1,290.4,71

2025-07-20T05:06:56.739Z,558,12,9.2,48.2,201.5,78

2025-07-20T05:06:59.776Z,559,10.28,6.48,45.1,167.9,83

2025-07-20T05:07:02.769Z,560,10,5.91,37.3,149,85

2025-07-20T05:07:05.789Z,561,10.75,3.49,44.4,94,90

2025-07-20T05:07:08.809Z,562,10,3,39.7,74.9,92

2025-07-20T05:07:11.974Z,563,9.74,1.97,37.1,49.7,95

2025-07-20T05:07:15.023Z,564,10.04,1.86,31.7,47.5,95

2025-07-20T05:07:18.019Z,565,9.87,1.91,49.4,49.2,95

2025-07-20T05:07:21.048Z,566,9.57,1.93,31.1,49.2,95

2025-07-20T05:07:24.033Z,567,10.09,1.95,35.7,47.2,95

2025-07-20T05:07:27.065Z,568,8.97,2.07,41.9,47.3,95

2025-07-20T05:07:30.097Z,569,9.8,1.96,33.8,44.5,95

2025-07-20T05:07:33.070Z,570,9.3,1.79,41.7,45.1,95

2025-07-20T05:07:36.072Z,571,9.7,1.84,49.9,48.5,95

2025-07-20T05:07:42.184Z,573,10.02,1.89,44.5,46.9,95

2025-07-20T05:07:45.284Z,574,8.86,1.8,47.2,44.5,95

2025-07-20T05:07:48.104Z,575,9.44,2,39.1,46.1,95

2025-07-20T05:07:51.111Z,576,10.06,2.05,33.8,46.4,95

2025-07-20T05:07:54.281Z,577,10.03,2.08,49.5,43.4,95

2025-07-20T05:07:57.083Z,578,9.4,1.91,49.1,43.2,95

2025-07-20T05:08:00.140Z,579,9.11,1.81,49.9,45.7,95

2025-07-20T05:08:03.100Z,580,9.85,1.76,45.4,43.4,95

2025-07-20T05:08:06.340Z,581,9.66,1.81,48,45.1,95

2025-07-20T05:08:09.343Z,582,9.1,1.96,45.8,45.4,95

2025-07-20T05:08:12.385Z,583,10.38,1.76,33.2,46.6,95

2025-07-20T05:08:15.418Z,584,9.08,2.01,35.9,42.3,95

2025-07-20T05:08:18.406Z,585,9.57,1.85,43.9,45.4,95

2025-07-20T05:08:21.420Z,586,9.8,1.99,43.8,45.9,95

2025-07-20T05:08:24.495Z,587,9.19,1.93,34.6,44.6,95

2025-07-20T05:08:27.538Z,588,9.7,1.88,39.7,43.2,95

2025-07-20T05:08:30.782Z,589,9.52,1.85,30.8,43.1,95

2025-07-20T05:08:34.130Z,590,9.49,2.11,44.2,45.3,95

2025-07-20T05:08:37.606Z,591,9.64,1.92,34.6,43.8,95

2025-07-20T05:08:40.703Z,592,9.81,2,42.5,43.9,95

2025-07-20T05:08:43.718Z,593,10.42,1.92,47.6,40.6,95

2025-07-20T05:08:46.727Z,594,9.95,1.81,49.2,41.3,95

2025-07-20T05:08:49.854Z,595,9.87,2.08,41.6,45.1,95

2025-07-20T05:08:53.270Z,596,9.76,2.06,40,42,95

2025-07-20T05:08:56.340Z,597,10.01,1.75,30.3,44.6,95

2025-07-20T05:08:59.396Z,598,9.5,1.81,41.3,40.2,95

2025-07-20T05:09:02.519Z,599,9.13,2.05,39.2,43.2,95

2025-07-20T05:09:05.507Z,600,10.23,1.94,47.8,42.8,95

2025-07-20T05:09:08.611Z,601,10.29,1.99,44.7,44.2,95

2025-07-20T05:09:11.659Z,602,10.05,1.93,47.4,44.1,95

2025-07-20T05:09:14.655Z,603,8.89,1.93,42.9,42,95

2025-07-20T05:09:17.768Z,604,9.72,1.83,30.5,40.8,95

2025-07-20T05:09:23.671Z,605,10.25,1.86,37.7,42.4,95

2025-07-20T05:09:23.757Z,606,9.37,1.79,45.1,41.5,95

2025-07-20T05:09:26.678Z,607,10.03,2,38.2,40,95

2025-07-20T05:09:29.730Z,608,9.45,1.75,39.6,39,95

2025-07-20T05:09:32.730Z,609,9.76,1.88,37.5,43,95

2025-07-20T05:09:35.725Z,610,9.79,1.78,43.4,41.5,95

2025-07-20T05:09:38.724Z,611,9.94,2.06,35.3,43.2,95

2025-07-20T05:09:41.749Z,612,9.46,1.78,45.7,41.5,95

2025-07-20T05:09:44.768Z,613,9.32,1.78,41.6,42.5,95

2025-07-20T05:09:47.777Z,614,10.3,1.91,38.1,41.3,95

2025-07-20T05:09:50.745Z,615,9.03,1.9,46.5,38.9,95

2025-07-20T05:09:53.729Z,616,9.51,1.9,32.3,38.8,95

2025-07-20T05:09:56.732Z,617,8.97,1.99,36.1,38.7,95

2025-07-20T05:09:59.744Z,618,10.21,1.87,33.3,39.3,95

2025-07-20T05:10:03.963Z,619,10.22,2.1,39.6,42.3,95

2025-07-20T05:10:05.738Z,620,9.16,1.86,41.1,39.3,95

2025-07-20T05:10:08.749Z,621,9.57,1.77,47.6,42.3,95

2025-07-20T05:10:11.743Z,622,9.92,1.74,45.1,39.1,95

2025-07-20T05:10:14.746Z,623,9.55,1.95,39.2,41.8,95

2025-07-20T05:10:17.749Z,624,9.96,1.99,46.2,42.8,95

2025-07-20T05:10:22.352Z,625,9.5,2.03,36.1,41.5,95

2025-07-20T05:10:23.923Z,626,9.43,2.06,48.3,40.8,95

2025-07-20T05:10:26.754Z,627,9.82,2.08,34.5,42.5,95

2025-07-20T05:10:29.754Z,628,9.25,1.79,36.8,40.9,95

2025-07-20T05:10:32.780Z,629,9.66,1.89,47.9,42.1,95

2025-07-20T05:10:35.759Z,630,8.96,1.87,45,41.2,95

2025-07-20T05:10:40.398Z,631,9.05,2.04,42,39.3,95

2025-07-20T05:10:41.763Z,632,9.65,1.82,46.7,41.3,95

2025-07-20T05:10:44.764Z,633,9.4,2.08,37.1,40.7,95

2025-07-20T05:10:47.777Z,634,10.13,1.98,35.4,38.4,95

2025-07-20T05:10:50.770Z,635,9.51,2.03,35.3,37.6,95

2025-07-20T05:10:53.773Z,636,9.63,1.8,46.1,41.4,95

2025-07-20T05:10:56.792Z,637,9.78,1.83,49.3,38.3,95

2025-07-20T05:10:59.784Z,638,9.95,2.01,49.3,40.7,95

2025-07-20T05:11:02.781Z,639,10.25,2.08,47.9,40.7,95

2025-07-20T05:11:05.828Z,640,9.25,1.94,37.2,40.8,95

2025-07-20T05:11:08.898Z,641,9.87,1.93,37.6,37.8,95

2025-07-20T05:11:11.894Z,642,9.53,1.91,39.1,37.7,95

2025-07-20T05:11:14.916Z,643,10.31,1.79,36.5,41.9,95

2025-07-20T05:11:17.923Z,644,9.55,2.04,32.8,40.8,95

2025-07-20T05:11:20.925Z,645,9.68,1.86,34.6,42.1,95

2025-07-20T05:11:23.923Z,646,10.29,2.03,38.4,39.5,95

2025-07-20T05:11:26.931Z,647,9.66,1.95,33.1,39.5,95

2025-07-20T05:11:29.938Z,648,10.16,1.91,30.5,39.3,95

2025-07-20T05:11:32.958Z,649,9.25,1.79,34.7,42.1,95

2025-07-20T05:11:36.091Z,650,9.5,2.01,33.7,41.8,95

2025-07-20T05:11:39.140Z,651,8.85,2.09,42.8,38.9,95

2025-07-20T06:32:36.835Z,1,12.76,34.11,49.3,1011.3,3

2025-07-20T06:32:36.836Z,2,13.08,35.97,49.9,909.6,8

2025-07-20T06:32:36.837Z,3,13.35,34.98,40.4,899.3,11

2025-07-20T06:32:38.912Z,4,13.1,30.21,47.3,881.8,16

2025-07-20T06:32:41.969Z,5,13.32,30.34,44.4,862.3,18

2025-07-20T06:32:44.928Z,6,12.31,31.26,44.5,780.5,20

2025-07-20T06:32:48.191Z,7,12.29,27.74,32.8,759.8,27

2025-07-20T06:32:50.968Z,8,13.33,27.7,30.5,749.9,29

2025-07-20T06:32:54.009Z,9,13.34,24.29,41.6,686.3,36

2025-07-20T06:32:56.963Z,10,12.77,24.22,43.5,616.8,39

2025-07-20T06:32:59.991Z,11,11.8,22.66,49.1,544.6,46

2025-07-20T06:33:02.984Z,12,12.67,20.21,40.4,510.3,49

2025-07-20T06:33:05.992Z,13,12.7,18.31,39.9,483.6,54

2025-07-20T06:33:08.992Z,14,11.46,15.62,35.4,424.3,61

2025-07-20T06:33:11.977Z,15,11.25,13.62,39.5,366.5,66

2025-07-20T06:33:14.980Z,16,11.69,12.14,46.2,332.6,69

2025-07-20T06:33:17.978Z,17,11.62,10.61,38,277.5,74

2025-07-20T06:33:20.989Z,18,10.61,6.82,33.9,199.6,81

2025-07-20T06:33:23.980Z,19,9.82,4.81,43.5,132.3,88

2025-07-20T06:33:26.998Z,20,10.53,3.96,33,108.6,90

2025-07-20T06:33:30.005Z,21,10.42,2.8,35,74.8,93

2025-07-20T06:33:33.029Z,22,9.2,2.02,35.5,55.9,95

2025-07-20T18:15:55.795Z,1,12.31,34.82,47.3,998.2,4

2025-07-20T18:15:55.797Z,2,13.33,31.46,38.3,900.8,11

2025-07-20T18:15:55.798Z,3,13.07,34.76,40.3,837,13

2025-07-20T18:15:55.799Z,4,13.02,28.95,38,811.3,20

2025-07-20T18:15:55.799Z,5,12.87,28.49,34.2,813.2,22

2025-07-20T18:15:55.800Z,6,12.5,26.76,31.9,727.3,27

2025-07-20T18:15:57.797Z,7,11.96,24,49,675.7,34

2025-07-20T18:16:00.777Z,8,12.44,24.3,41.8,648.3,36

2025-07-20T18:16:03.819Z,9,12.32,25.04,37.7,613.5,38

2025-07-20T18:16:06.879Z,10,11.37,21.41,35.5,593.5,43

2025-07-20T18:16:09.944Z,11,11.88,20.4,43.8,495.5,50

2025-07-20T18:16:13.027Z,12,12.84,15.86,39.4,448.1,57

2025-07-20T18:16:16.024Z,13,11.86,16.45,40,417.9,59

2025-07-20T18:16:19.125Z,14,12.19,16,42.9,398.2,62

2025-07-20T18:16:22.242Z,15,12.2,12.16,33.9,363.1,67

2025-07-20T18:16:25.367Z,16,11.37,12.26,34.5,302.1,70

2025-07-20T18:16:28.397Z,17,11.47,9.98,38.9,298.1,72

2025-07-20T18:16:31.468Z,18,11.17,10.36,46.3,275.6,74

2025-07-20T18:16:34.464Z,19,10.4,8.6,43.2,215.7,79

2025-07-20T18:16:37.534Z,20,10.47,6.47,43,163.3,84

2025-07-20T18:16:40.564Z,21,11.03,3.91,37.7,116.9,89

2025-07-20T18:16:43.586Z,22,9.31,2.28,41.9,62.6,94

2025-07-20T18:16:46.605Z,23,9.19,1.95,32.1,51.9,95

2025-07-20T18:16:49.635Z,24,10.31,1.97,40.2,53.2,95

2025-07-20T18:16:52.652Z,25,9.93,2.04,37.6,55.9,95

2025-07-20T18:16:55.675Z,26,10.31,2.07,30.7,53,95

2025-07-20T18:16:59.687Z,27,10.04,2.07,44.4,52,95

2025-07-20T18:17:01.663Z,28,9.05,1.94,33.7,53.4,95

2025-07-20T18:17:04.667Z,29,9.4,1.84,34.4,55.6,95

2025-07-20T18:17:07.668Z,30,9.99,1.93,38.6,55.3,95

2025-07-20T18:17:10.668Z,31,9,1.92,48.9,57.2,95

2025-07-20T18:17:13.682Z,32,10.07,1.83,40.5,53.3,95

2025-07-20T18:17:16.676Z,33,8.93,1.74,49.9,55.4,95

2025-07-20T18:17:19.703Z,34,9.93,2.06,30.4,57.2,95

2025-07-20T18:17:22.681Z,35,9.79,1.91,49.5,54.4,95

2025-07-20T18:17:25.684Z,36,9.69,1.77,44,54.6,95

2025-07-20T18:17:28.689Z,37,9.96,1.93,44.7,55.4,95

2025-07-20T18:17:31.693Z,38,10.3,2.02,41.2,57.3,95

2025-07-20T18:17:34.706Z,39,9.03,1.93,35.1,57.9,95

2025-07-20T18:17:37.706Z,40,10.16,1.83,30.4,54.5,95

2025-07-20T18:17:40.697Z,41,9.62,1.92,48.1,57.4,95

2025-07-20T18:17:49.725Z,44,9.25,1.78,44.5,57.9,95

2025-07-20T18:17:52.716Z,45,10.07,1.93,41.1,54.9,95

2025-07-20T18:17:55.718Z,46,10.09,1.78,36.2,59.3,95

2025-07-20T18:17:58.734Z,47,10.21,1.91,32.2,57.2,95

2025-07-20T18:18:01.741Z,48,9.79,1.98,37.1,57.8,95

2025-07-20T18:18:04.733Z,49,8.9,1.78,49.8,59.6,95

2025-07-20T18:18:07.753Z,50,9.53,1.97,30.1,55.8,95

2025-07-20T18:18:10.740Z,51,10.18,1.77,39.2,57.1,95

2025-07-20T18:18:13.776Z,52,10.17,2.11,46.8,58,95

2025-07-20T18:18:16.749Z,53,9.32,1.92,43.7,59.9,95

2025-07-20T18:18:19.741Z,54,9.6,1.84,35,56.7,95

2025-07-20T18:18:22.743Z,55,10.02,2.07,40.4,58.1,95

2025-07-20T18:18:25.745Z,56,10.05,1.83,32.7,57.7,95

2025-07-20T18:18:28.752Z,57,9.99,1.97,38.2,60,95

2025-07-20T18:18:31.752Z,58,9.37,1.77,47.1,59.2,95

2025-07-20T18:18:34.752Z,59,10.38,1.8,43.9,57,95

2025-07-20T18:18:37.754Z,60,9.43,1.89,39.6,59.7,95

2025-07-20T18:18:40.783Z,61,10.25,1.81,35,57.6,95

2025-07-20T18:18:43.929Z,62,10.03,2.03,30.4,56.7,95

2025-07-20T18:18:46.838Z,63,9.22,1.99,45.1,59.4,95

2025-07-20T18:18:49.803Z,64,9.5,1.9,37.7,59.4,95

2025-07-20T18:18:52.812Z,65,9.38,1.86,39.9,57.6,95

2025-07-20T18:18:55.838Z,66,9.67,1.8,36,56.6,95

2025-07-20T18:18:58.874Z,67,9.91,1.76,47.3,61,95

2025-07-20T18:19:01.848Z,68,9.91,1.94,37.8,59.8,95

2025-07-20T18:19:04.845Z,69,9,2.02,33.3,57.2,95

2025-07-20T18:19:07.845Z,70,9.97,2.03,36.9,60.2,95

2025-07-20T18:19:10.878Z,71,9.82,1.87,33.1,59.9,95

2025-07-20T18:19:13.846Z,72,9.03,1.88,42.2,57.4,95

2025-07-20T18:19:16.857Z,73,9.97,1.93,39,57,95

2025-07-20T18:19:19.867Z,74,9.69,1.99,40.8,58.7,95

2025-07-20T18:19:22.868Z,75,8.94,2.09,47.3,57.5,95

2025-07-20T18:19:25.865Z,76,8.89,1.98,45.7,59.9,95

2025-07-20T18:19:28.879Z,77,9.68,2.02,39.4,60.2,95

2025-07-20T18:19:31.876Z,78,9.92,1.93,42,58.1,95

2025-07-20T18:19:34.877Z,79,9.77,2.08,32.5,60.8,95

2025-07-20T18:19:37.886Z,80,10.29,1.95,47.1,60.1,95

2025-07-20T18:19:40.926Z,81,9.06,2,47.3,59.5,95

2025-07-20T18:19:43.898Z,82,10.28,1.99,41.3,59.1,95

2025-07-20T18:19:46.924Z,83,9.55,1.83,41.3,58.9,95

2025-07-20T18:19:49.892Z,84,9.41,2.03,32.1,59.2,95

2025-07-20T18:19:52.899Z,85,9.05,1.82,36.5,62.3,95

2025-07-20T18:19:55.905Z,86,10.27,1.85,46.5,61.9,95

2025-07-20T18:19:58.911Z,87,9.01,1.95,41.3,57.9,95

2025-07-20T18:20:01.920Z,88,8.94,1.79,42,61.7,95

2025-07-20T18:20:04.908Z,89,10.27,2.01,43.6,59.5,95

2025-07-20T18:20:07.921Z,90,9.49,1.87,48.8,61,95

2025-07-20T18:20:10.923Z,91,10.17,1.97,43.1,59.9,95

2025-07-20T18:20:13.925Z,92,10.03,1.85,47.7,62,95

2025-07-20T18:20:16.925Z,93,9.51,1.83,37.2,58.2,95

2025-07-20T18:20:19.971Z,94,10.02,1.94,46.5,62.4,95

2025-07-20T18:20:22.960Z,95,9.42,1.79,31.6,60.1,95

2025-07-20T18:20:25.982Z,96,10.01,2,31.9,60.4,95

2025-07-20T18:20:29.021Z,97,9.23,2,40.7,58.4,95

2025-07-20T18:20:32.086Z,98,10.15,2.07,31.9,58.4,95

2025-07-20T18:20:35.037Z,99,10.28,2.08,32.2,62.3,95

2025-07-20T18:20:38.040Z,100,9.41,1.96,48.3,60.6,95

2025-07-20T18:20:41.041Z,101,9.03,2.04,46.2,59,95

2025-07-20T18:20:44.115Z,102,9.69,1.76,40.7,57.7,95

2025-07-20T18:20:47.052Z,103,9.77,2.05,45.5,59.9,95

2025-07-20T18:20:50.054Z,104,9.84,1.92,44.3,57.5,95

2025-07-20T18:20:53.261Z,105,10.23,1.86,40.2,57.7,95

2025-07-20T18:20:56.377Z,106,9.21,1.86,41.9,58.6,95

2025-07-20T18:20:59.648Z,107,10.01,2.03,37.2,62,95

2025-07-20T18:21:03.025Z,108,9.61,1.88,48.9,59.3,95

2025-07-20T18:21:06.118Z,109,9.06,1.91,45.1,57.8,95

2025-07-20T18:21:09.138Z,110,9.34,2.08,30.7,61.7,95

2025-07-20T18:21:12.149Z,111,9.63,1.92,39.9,61,95

2025-07-20T18:21:15.202Z,112,10.23,1.79,49.2,61.1,95

2025-07-20T18:21:18.221Z,113,10.1,1.88,33.2,59.7,95

2025-07-20T18:21:21.246Z,114,10.36,1.87,39,59.1,95

2025-07-20T18:21:24.292Z,115,9.49,2.04,38,59.4,95

2025-07-20T18:21:27.305Z,116,9.76,1.84,38.5,59.2,95

2025-07-20T18:21:30.326Z,117,9.05,1.77,32,59,95

2025-07-20T18:21:33.333Z,118,9.84,1.77,38.5,57,95

2025-07-20T18:21:36.406Z,119,9.72,1.86,45.6,57.6,95

2025-07-20T18:21:39.390Z,120,8.99,1.81,31,61,95

2025-07-20T18:21:42.462Z,121,9.97,1.83,46.4,59.7,95

2025-07-20T18:21:45.442Z,122,9.88,1.94,33.2,56.4,95

2025-07-20T18:21:48.484Z,123,10.42,1.94,37,61,95

2025-07-20T18:21:51.477Z,124,8.96,1.83,34.4,59.4,95

2025-07-20T18:21:54.494Z,125,9.91,2,41.1,57.5,95

2025-07-20T18:21:57.508Z,126,9.61,1.92,38.9,60.1,95

2025-07-20T18:22:00.518Z,127,9.49,2.06,33.3,59.6,95

2025-07-20T18:22:03.516Z,128,9.19,1.95,47.8,57.5,95

2025-07-20T18:22:06.517Z,129,9.78,1.9,38.4,56.4,95

2025-07-20T18:22:09.520Z,130,9.04,1.81,33.7,57.3,95

2025-07-20T18:22:12.529Z,131,10.3,1.99,40.9,57.8,95

2025-07-20T18:22:15.528Z,132,9.6,1.87,49.2,60.1,95

2025-07-20T18:22:18.534Z,133,9.91,1.81,39.8,55.5,95

2025-07-20T18:22:21.532Z,134,9.08,1.83,38.8,56.6,95

2025-07-20T18:22:24.535Z,135,9.74,1.98,47.2,56.5,95

2025-07-20T18:22:27.544Z,136,8.91,2.04,41.2,58.5,95

2025-07-20T18:22:30.541Z,137,10.08,1.87,39.6,59.1,95

2025-07-20T18:22:33.549Z,138,9.68,1.97,47.4,59,95

2025-07-20T18:22:36.545Z,139,9.04,2.01,40.3,56.4,95

2025-07-20T18:22:39.548Z,140,10.19,1.92,39.9,56.7,95

2025-07-20T18:22:42.553Z,141,9.03,1.85,32.5,56.7,95

2025-07-20T18:22:45.573Z,142,9.27,1.93,45.8,57.4,95

2025-07-20T18:22:48.652Z,143,8.97,2.04,40.8,54.9,95

2025-07-20T18:22:51.558Z,144,9.66,1.95,35.3,54.5,95

2025-07-20T18:22:54.569Z,145,10.16,1.93,32.5,53.6,95

2025-07-20T18:22:57.563Z,146,9.84,1.84,42.9,56.1,95

2025-07-20T18:23:00.635Z,147,9.91,2.09,38.3,54.2,95

2025-07-20T18:23:03.563Z,148,9.34,1.77,30.8,54.4,95

2025-07-20T18:23:06.571Z,149,10.07,1.92,42.3,56.8,95

2025-07-20T18:23:09.583Z,150,9.24,1.9,33,54.6,95

2025-07-20T18:23:12.634Z,151,10.2,1.99,49.9,57.5,95

2025-07-20T18:23:15.620Z,152,9.03,1.92,41.6,53.9,95

2025-07-20T18:23:18.667Z,153,9.68,2.07,46.6,54.7,95

2025-07-20T18:23:21.690Z,154,9.55,2.02,34,56.1,95

2025-07-20T18:23:24.837Z,155,9.4,1.83,33.2,54.9,95

2025-07-20T18:23:27.718Z,156,10.25,1.81,48.6,54.7,95

2025-07-20T18:23:30.763Z,157,9.38,1.85,40.2,53.5,95

2025-07-20T18:23:33.735Z,158,10.06,1.85,46.3,51.6,95

2025-07-20T18:23:36.778Z,159,9.33,1.96,32.8,56.3,95

2025-07-20T18:23:39.828Z,160,9.8,1.79,46,52.8,95

2025-07-20T18:23:42.766Z,161,10.16,1.89,35.2,52.3,95

2025-07-20T18:23:45.750Z,162,10.25,2.07,49.3,51.7,95

2025-07-20T18:23:48.753Z,163,8.98,1.89,45.1,51.4,95

2025-07-20T18:23:51.820Z,164,8.94,1.91,41,52.2,95

2025-07-20T18:23:54.759Z,165,9.16,1.82,35.2,53.4,95

2025-07-20T18:23:57.770Z,166,9.53,1.86,42.9,53.7,95

2025-07-20T18:24:00.769Z,167,9.83,2.1,43.7,52.7,95

2025-07-20T18:24:03.775Z,168,9.1,1.83,41.9,50.6,95

2025-07-20T18:24:06.814Z,169,9.13,1.95,42.1,51,95

2025-07-20T18:24:09.788Z,170,9.28,2.02,49.4,51.5,95

2025-07-20T18:24:12.789Z,171,8.98,1.86,41.6,52.6,95

2025-07-20T18:24:15.794Z,172,9.07,1.82,39.1,51.7,95

2025-07-20T18:24:18.830Z,173,9.31,1.79,41.7,52.4,95

2025-07-20T18:24:21.817Z,174,9.82,1.86,45.4,53.8,95

2025-07-20T18:24:24.815Z,175,9.52,1.78,33.5,51.9,95

2025-07-20T18:24:27.808Z,176,9.56,1.91,47.5,48.8,95

2025-07-20T18:24:30.818Z,177,9.6,1.88,32.5,51,95

2025-07-20T18:24:33.826Z,178,9.91,2.08,32.5,52,95

2025-07-20T18:24:36.836Z,179,9.2,2.03,46.3,50.8,95

2025-07-20T18:24:39.844Z,180,13.86,35.11,46,1032.5,1

2025-07-20T18:24:42.844Z,181,12.13,36.24,37.7,966.8,8

2025-07-20T18:24:45.846Z,182,11.9,30.74,50,899.9,13

2025-07-20T18:24:48.846Z,183,13.16,34.3,38.4,825.1,18

2025-07-20T18:24:51.847Z,184,13.66,30.83,36.2,779,23

2025-07-20T18:24:54.846Z,185,12.27,28.14,32.4,766.4,25

2025-07-20T18:24:57.850Z,186,11.98,29.14,38,730.4,28

2025-07-20T18:25:00.850Z,187,12.64,25.38,48.3,651.3,35

2025-07-20T18:25:03.937Z,188,12.98,21.34,39,574.9,42

2025-07-20T18:25:06.855Z,189,12.17,20.83,47.5,546.4,44

2025-07-20T18:25:09.872Z,190,11.47,22.57,39.4,509.1,46

2025-07-20T18:25:12.874Z,191,12.71,20.04,38.4,476.7,51

2025-07-20T18:25:15.874Z,192,11.54,16.39,45.3,426.5,58

2025-07-20T18:25:18.875Z,193,11.89,14.53,41.9,336.6,65

2025-07-20T18:25:21.880Z,194,12.44,11.86,47.5,322.5,67

2025-07-20T18:25:24.882Z,195,11.56,10.69,40.6,251.9,74

2025-07-20T18:25:27.899Z,196,11.71,7.99,44.9,176.8,81

2025-07-20T18:25:30.892Z,197,10.19,5.81,48.9,147.5,84

2025-07-20T18:25:33.888Z,198,10.32,4.02,35.6,99.7,89

2025-07-20T18:25:36.903Z,199,9.34,2.42,43.5,58.3,94

2025-07-20T18:25:39.895Z,200,9.63,1.9,41.3,44.7,95

2025-07-20T18:25:42.896Z,201,10.25,1.81,33.9,46.8,95

2025-07-20T18:25:45.895Z,202,10,1.88,47.5,45.7,95

2025-07-20T18:25:48.904Z,203,10.21,1.75,43.2,48.7,95

2025-07-20T18:25:51.907Z,204,9.95,1.97,39,44.6,95

2025-07-20T18:25:54.916Z,205,10.29,1.83,32.2,47.9,95

2025-07-20T18:25:57.926Z,206,9.56,1.89,49.4,44.3,95

2025-07-20T18:26:00.924Z,207,9.03,1.91,45.4,44.5,95

2025-07-20T18:26:03.925Z,208,10.24,2.05,30.2,47.4,95

2025-07-20T18:26:06.922Z,209,10.23,1.74,36,45.8,95

2025-07-20T18:26:09.928Z,210,9.99,1.8,44.5,43.5,95

2025-07-20T18:26:12.930Z,211,9.57,1.94,45.9,43.3,95

2025-07-20T18:26:15.937Z,212,9.01,2.06,45.4,43.4,95

2025-07-20T18:26:18.940Z,213,9.19,1.77,45.1,45.5,95

2025-07-20T18:26:21.941Z,214,9.28,2.04,39.7,47,95

2025-07-20T18:26:24.941Z,215,9.91,2.03,40,44.1,95

2025-07-20T18:26:27.953Z,216,8.94,1.83,44.7,46.6,95

2025-07-20T18:26:30.961Z,217,9.05,2.03,41.8,45,95

2025-07-20T18:26:33.973Z,218,9.88,1.77,32.4,44.2,95

2025-07-20T18:26:37.001Z,219,10.02,1.9,36.5,45.8,95

2025-07-20T18:26:39.978Z,220,9.57,1.83,32.3,43.1,95

2025-07-20T18:26:42.984Z,221,9.63,1.89,33.3,46.3,95

2025-07-20T18:26:45.988Z,222,10.09,1.94,33.2,41.7,95

2025-07-20T18:26:48.996Z,223,9.71,1.87,46.4,43.9,95

2025-07-20T18:26:51.999Z,224,8.95,1.85,38.9,44.3,95

2025-07-20T18:26:55.022Z,225,10.2,1.75,34.9,45.3,95

2025-07-20T18:26:58.013Z,226,9.52,2.03,50,42.3,95

2025-07-20T18:27:01.022Z,227,9.4,1.9,45.4,41.5,95

2025-07-20T18:27:04.037Z,228,9.22,1.95,30.4,45,95

2025-07-20T18:27:07.042Z,229,9.71,2.02,40,41.2,95

2025-07-20T18:27:10.038Z,230,9.56,1.88,39.8,42.6,95

2025-07-20T18:27:13.041Z,231,9.11,1.98,48.6,42.5,95

2025-07-20T18:27:16.042Z,232,9.54,1.86,47.2,41.5,95

2025-07-20T18:27:19.044Z,233,10.41,1.84,32.8,44.5,95

2025-07-20T18:27:22.047Z,234,9.67,1.94,32.4,44.5,95

2025-07-20T18:27:25.053Z,235,9.64,2.05,34.3,40,95

2025-07-20T18:27:28.063Z,236,9.52,1.83,42.5,41,95

2025-07-20T18:27:31.070Z,237,9.67,1.8,36.1,40.6,95

2025-07-20T18:27:34.076Z,238,10.02,1.76,46.7,41.8,95

2025-07-20T18:27:37.075Z,239,9.28,2.11,31.8,39.4,95

2025-07-20T18:27:40.085Z,240,9.97,1.93,30.1,42.2,95

2025-07-20T18:27:43.082Z,241,8.97,1.92,37.8,41.8,95

2025-07-20T18:27:46.090Z,242,10.31,1.76,38,39.3,95

2025-07-20T18:27:49.093Z,243,10.13,1.81,43.6,40.5,95

2025-07-20T18:27:52.092Z,244,9.37,2.03,35.1,42.8,95

2025-07-20T18:27:55.093Z,245,9.52,1.75,38.2,42.6,95

2025-07-20T18:27:58.117Z,246,10.24,2.05,35,40,95

2025-07-20T18:28:01.146Z,247,10.21,1.81,47.1,38.7,95

2025-07-20T18:28:04.148Z,248,10.17,1.82,32.6,41.3,95

2025-07-20T18:28:07.150Z,249,9.51,2.02,32.7,41.8,95

2025-07-20T18:28:10.161Z,250,10.14,2.07,39.2,41,95

2025-07-20T18:28:13.180Z,251,10.27,2.04,44.5,41.6,95

2025-07-20T18:28:16.180Z,252,10.19,1.87,32.6,39.1,95

2025-07-20T18:28:19.184Z,253,9.56,1.94,45,42.7,95

2025-07-20T18:28:22.188Z,254,10.28,1.88,33.2,39.2,95

2025-07-20T18:28:25.188Z,255,8.88,1.86,48,41.2,95

2025-07-20T18:28:28.192Z,256,9.58,2.01,48.2,38.4,95

2025-07-20T18:28:31.197Z,257,9.75,1.84,34.1,38.3,95

2025-07-20T18:28:34.248Z,258,10.19,2,34,38,95

2025-07-20T18:28:37.293Z,259,9.32,1.92,31.1,38.3,95

2025-07-20T18:28:40.303Z,260,9.74,1.87,45.7,39.6,95

2025-07-20T18:28:43.309Z,261,9.53,1.76,35.4,40.4,95

2025-07-20T18:28:46.316Z,262,10.08,1.86,33.5,38.5,95

2025-07-20T18:28:49.316Z,263,9.44,1.96,31.7,42.2,95

2025-07-20T18:28:52.320Z,264,9.37,2.08,38.3,42.5,95

2025-07-20T18:28:55.326Z,265,8.95,2.08,33.6,41,95

2025-07-20T18:28:58.446Z,266,9.49,1.76,38.4,39.9,95

2025-07-20T18:29:01.334Z,267,10.01,2.03,34.7,39.9,95

2025-07-20T18:29:04.337Z,268,9.66,1.95,47.7,40.8,95

2025-07-20T18:29:07.341Z,269,10.04,1.8,33.2,40.3,95

2025-07-20T18:29:10.352Z,270,9.04,1.92,47.1,41.9,95

2025-07-20T18:29:13.353Z,271,8.94,1.79,35,41.6,95

2025-07-20T18:29:16.354Z,272,9.06,1.79,34.5,41,95

2025-07-20T18:29:19.364Z,273,10.14,1.82,43.1,40.1,95

2025-07-20T18:29:22.372Z,274,9.52,2.03,47.9,40.7,95

2025-07-20T18:29:25.360Z,275,9.31,1.91,39.8,41.9,95

2025-07-20T18:29:28.363Z,276,9.04,1.99,34.4,41.6,95

2025-07-20T18:29:31.379Z,277,9.43,2.1,34.7,40.1,95

2025-07-20T18:29:34.380Z,278,9.25,2.1,35.5,41.2,95

2025-07-20T18:29:37.383Z,279,10.23,2.01,46.2,39.7,95

2025-07-20T18:29:40.388Z,280,10.11,1.99,42.2,40.9,95

2025-07-20T18:29:43.385Z,281,10.18,2.05,36.7,40.8,95

2025-07-20T18:29:46.387Z,282,9.64,1.99,34.9,40.2,95

2025-07-20T18:29:49.388Z,283,9.82,1.99,47.9,40,95

2025-07-20T18:29:52.405Z,284,8.97,1.88,36.6,41.7,95

2025-07-20T18:29:55.390Z,285,10.18,2.1,38.8,40.2,95

2025-07-20T18:29:58.393Z,286,9.75,1.78,47.8,38.7,95

2025-07-20T18:30:01.396Z,287,10.25,1.98,46.5,38.9,95

2025-07-20T18:30:04.396Z,288,9.21,2.11,47.7,38.4,95

2025-07-20T18:30:07.405Z,289,10.31,1.98,49.9,41,95

2025-07-20T18:30:10.408Z,290,9.88,1.96,45.9,39,95

2025-07-20T18:30:13.417Z,291,9.89,1.99,45,40.1,95

2025-07-20T18:30:16.417Z,292,10.21,1.97,43.8,41.1,95

2025-07-20T18:30:19.424Z,293,9.14,1.97,39.5,41.8,95

2025-07-20T18:30:22.420Z,294,9.08,2.08,35.5,40.4,95

2025-07-20T18:30:25.443Z,295,9.12,1.89,33.7,38.9,95

2025-07-20T18:30:28.427Z,296,9.48,2.01,40.6,40.2,95

2025-07-20T18:30:31.433Z,297,9.77,1.98,32.2,39.5,95

2025-07-20T18:30:34.438Z,298,9.46,2.07,32.3,39.7,95

2025-07-20T18:30:37.438Z,299,9.8,1.77,33.4,40.1,95

2025-07-20T18:30:40.443Z,300,10.12,1.79,45.4,42.5,95

2025-07-20T18:30:43.441Z,301,9.4,1.85,36.6,42.1,95

2025-07-20T18:30:46.442Z,302,10.23,1.84,34.5,43.4,95

2025-07-20T18:30:49.444Z,303,10.23,2.08,35,38.9,95

2025-07-20T18:30:52.447Z,304,10.01,2.1,40.7,42.7,95

2025-07-20T18:30:55.445Z,305,9.52,1.77,45.7,40.7,95

2025-07-20T18:30:58.447Z,306,10.15,1.82,30.9,39.5,95

2025-07-20T18:31:01.459Z,307,10.16,1.78,40.5,39.7,95

2025-07-20T18:31:04.458Z,308,8.97,1.9,39.3,43.5,95

2025-07-20T18:31:07.459Z,309,9.92,2.01,31.5,41.8,95

2025-07-20T18:31:10.463Z,310,8.81,1.98,39.3,43,95

2025-07-20T18:31:13.507Z,311,9.79,2.03,45.3,40.9,95

2025-07-20T18:31:16.488Z,312,9.11,1.93,39,40.9,95

2025-07-20T18:31:19.483Z,313,9.77,1.86,39.7,42.5,95

2025-07-20T18:31:22.532Z,314,9.1,2.04,45.2,43.2,95

2025-07-20T18:31:25.493Z,315,9.53,2.04,30.9,43.3,95

2025-07-20T18:31:28.492Z,316,10.12,2,40.7,42.8,95

2025-07-20T18:31:31.498Z,317,10.18,1.89,39.8,41.5,95

2025-07-20T18:31:34.495Z,318,9.16,2.08,46.8,44.3,95

2025-07-20T18:31:37.500Z,319,10.01,1.99,40.6,45,95

2025-07-20T18:31:40.498Z,320,9.23,1.75,48.3,45.2,95

2025-07-20T18:31:43.600Z,321,9.41,1.96,38.6,44.3,95

2025-07-20T18:31:46.608Z,322,9.83,1.78,38,44.7,95

2025-07-20T18:32:21.603Z,1,12.23,35.62,46.7,935.3,8

2025-07-20T18:32:21.606Z,2,12.97,34.04,48.4,886.4,15

2025-07-20T18:32:21.608Z,3,13.07,29.61,43,768.9,22

2025-07-20T18:32:21.610Z,4,11.71,27.67,41.2,782.2,25

2025-07-20T18:32:23.796Z,5,13.22,27.15,47.6,676.7,32

2025-07-20T18:32:26.828Z,6,12.89,27.13,37.1,676.6,34

2025-07-20T18:32:29.837Z,7,12.24,22.28,34.4,659.7,37

2025-07-20T18:32:32.883Z,8,11.93,23.22,40.3,588.9,44

2025-07-20T18:32:35.889Z,9,11.24,17.24,48.1,511.5,51

2025-07-20T18:32:38.902Z,10,11.76,17.8,36.3,482.2,53

2025-07-20T18:32:41.915Z,11,11.22,16.89,45.2,472.6,55

2025-07-20T18:32:44.916Z,12,12.74,15.72,46.1,432.8,57

2025-07-20T18:32:47.922Z,13,11.74,15.62,32.4,424.2,59

2025-07-20T18:32:50.931Z,14,12.31,12.06,38.2,351.7,66

2025-07-20T18:32:53.928Z,15,11.49,11.74,33,298.5,71

2025-07-20T18:32:56.968Z,16,11.92,9.15,46.8,245.4,76

2025-07-20T18:33:00.000Z,17,11.43,8.31,47.5,242.3,78

2025-07-20T18:33:02.954Z,18,11.8,8.27,36,212.1,80

2025-07-20T18:33:05.959Z,19,10.93,4.86,36.3,132.8,87

2025-07-20T18:33:08.961Z,20,9.98,2.32,36.2,62.7,94

2025-07-20T18:33:11.997Z,21,9.24,1.86,39.6,51.4,95

2025-07-20T18:33:15.057Z,22,9.16,1.79,42.5,52.8,95

2025-07-20T18:33:29.909Z,1,12.27,35.11,38.4,899.8,6

2025-07-20T18:33:32.763Z,2,13.75,31.73,36.1,890.4,13

2025-07-20T18:33:35.769Z,3,12.67,33.73,33.2,864.4,18

2025-07-20T18:33:38.766Z,4,12.1,27.09,44.2,750.3,25

2025-07-20T18:33:41.771Z,5,11.78,29.04,39.3,727.6,28

2025-07-20T18:33:44.778Z,6,12.87,27.38,39.9,674.3,31

2025-07-20T18:33:47.786Z,7,11.68,23.44,33.7,668,34

2025-07-20T18:33:50.786Z,8,11.84,23.64,42.2,655,39

2025-07-20T18:33:53.843Z,9,12.81,20.54,36.6,570.5,42

2025-07-20T18:33:56.839Z,10,12.13,18.68,47,526.5,47

2025-07-20T18:33:59.844Z,11,11.36,17.34,46.9,513,52

2025-07-20T18:34:02.848Z,12,11.88,17.1,39.9,451,55

2025-07-20T18:34:05.859Z,13,12.56,15.19,38,436.9,57

2025-07-20T18:34:08.868Z,14,11.89,16.61,39.6,438.8,60

2025-07-20T18:34:11.874Z,15,11.9,14.49,40.5,375.2,63

2025-07-20T18:34:14.882Z,16,11.31,14.53,33.6,358.2,65

2025-07-20T18:34:17.922Z,17,12.45,11.35,34.4,308.9,70

2025-07-20T18:34:20.994Z,18,11.49,10.39,39.9,297.9,73

2025-07-20T18:34:24.004Z,19,10.97,8.79,45.8,237.8,78

2025-07-20T18:34:27.065Z,20,10.49,6.81,46,201.3,81

2025-07-20T18:34:30.064Z,21,10.97,4.8,46.8,128.5,88

2025-07-20T18:34:33.101Z,22,9.57,3.55,47.9,98.4,91

2025-07-20T18:34:36.036Z,23,9.56,1.97,44.3,55,95

2025-07-20T18:34:39.036Z,24,9.18,2.06,32.8,51.9,95

2025-07-20T18:34:42.047Z,25,8.89,1.9,46.8,56.6,95

2025-07-20T18:34:45.063Z,26,10.13,2.1,39.5,54.4,95

2025-07-20T18:34:48.071Z,27,9.91,2,35.6,54.5,95

2025-07-20T18:34:51.077Z,28,9.42,1.84,32.3,55.5,95

2025-07-20T18:34:54.078Z,29,9.03,2.1,32,56.6,95

2025-07-20T18:34:57.088Z,30,9.11,1.96,32,56.7,95

2025-07-20T18:35:00.086Z,31,9.15,1.87,40.2,55.8,95

